Series,Ball,CoverSName,CoverSFinish,Weight,RG,DIFF,MBDIFF,Finish_Number,Length,Backend,Hook,eVL,sVA,HookPotential
Jackal Onyx,Predator™ V2 Asymmetric,Leverage HXC Solid,1000 LSS,12,2.64,.030,.010,1000,53,70,87,55.10010525140558,35.70774952578545,50.070881721764934
Jackal Onyx,Predator™ V2 Asymmetric,Leverage HXC Solid,1000 LSS,13,2.57,.040,.011,1000,53,70,87,41.3981520248343,52.91847468218129,63.69854181356471
Jackal Onyx,Predator™ V2 Asymmetric,Leverage HXC Solid,1000 LSS,14,2.51,.049,.014,1000,53,70,87,28.747300834084978,68.72722060977273,69.03262777823485
Jackal Onyx,Predator™ V2 Asymmetric,Leverage HXC Solid,1000 LSS,15,2.47,.054,.015,1000,53,70,87,20.806524743903182,78.4223826648668,74.18135870244997
Jackal Onyx,Predator™ V2 Asymmetric,Leverage HXC Solid,1000 LSS,16,2.48,.047,.013,1000,53,70,87,24.005564190820355,72.76720286707243,69.7203731294031
Raptor Reign,Affliction™ V2 Symmetric,Leverage MXV Solid,2000 LSS,12,2.64,.029,,2000,60,74,83,62.643060109426855,31.895335281647647,47.942607329780905
Raptor Reign,Affliction™ V2 Symmetric,Leverage MXV Solid,2000 LSS,13,2.57,.040,,2000,60,74,83,49.25879299001538,49.13925152386615,61.69778337647053
Raptor Reign,Affliction™ V2 Symmetric,Leverage MXV Solid,2000 LSS,14,2.50,.053,,2000,60,74,83,35.69908727411275,67.2603607485407,68.16234565028385
Raptor Reign,Affliction™ V2 Symmetric,Leverage MXV Solid,2000 LSS,15,2.48,.055,,2000,60,74,83,31.97526158084732,71.68594082777105,70.05290915287334
Raptor Reign,Affliction™ V2 Symmetric,Leverage MXV Solid,2000 LSS,16,2.48,.053,,2000,60,74,83,32.15070017733855,70.8087478453149,69.26673205845634
Jackal Ghost,Predator™ V2 Asymmetric,Coercion HFS,3000 LSS,12,2.64,.030,.010,3000,65,75,76,61.343930304465204,36.95651453639738,51.57709469494893
Jackal Ghost,Predator™ V2 Asymmetric,Coercion HFS,3000 LSS,13,2.57,.040,.011,3000,65,75,76,47.641977077893934,54.16723969279322,65.15696496764618
Jackal Ghost,Predator™ V2 Asymmetric,Coercion HFS,3000 LSS,14,2.51,.049,.014,3000,65,75,76,34.9911258871446,69.97598562038465,70.23813052495765
Jackal Ghost,Predator™ V2 Asymmetric,Coercion HFS,3000 LSS,15,2.47,.054,.015,3000,65,75,76,27.050349796962813,79.67114767547872,75.1364338243687
Jackal Ghost,Predator™ V2 Asymmetric,Coercion HFS,3000 LSS,16,2.48,.047,.013,3000,65,75,76,30.24938924387998,74.01596787768436,70.61934052930832
Apex Jackal,Apex Predator™,Propulsion MXV Pearl,5000 LSS,12,2.64,.033,.014,5000,73,90,78,64.31339476065537,40.86477442621294,53.151657949809334
Apex Jackal,Apex Predator™,Propulsion MXV Pearl,5000 LSS,13,2.64,.035,.017,5000,73,90,78,62.92173994794792,42.958183624885294,54.4862691447305
Apex Jackal,Apex Predator™,Propulsion MXV Pearl,5000 LSS,14,2.55,.052,.020,5000,73,90,78,44.24655372607236,67.59828212746262,69.86288452788008
Apex Jackal,Apex Predator™,Propulsion MXV Pearl,5000 LSS,15,2.52,.055,.020,5000,73,90,78,38.66081518617426,74.23665224630808,73.41538055759642
Apex Jackal,Apex Predator™,Propulsion MXV Pearl,5000 LSS,16,2.53,.048,.017,5000,73,90,78,42.26526003849682,68.17606704310833,68.15630650015184
Subzero Forge,Detonator™ Symmetrical,Leverage MXC Solid,2000 LSS,12,2.62,.032,,2000,56,70,76,58.83151511791582,36.75951185210606,50.3977232889907
Subzero Forge,Detonator™ Symmetrical,Leverage MXC Solid,2000 LSS,13,2.55,.045,,2000,56,70,76,45.27180940201311,54.8806210767807,61.13398977951545
Subzero Forge,Detonator™ Symmetrical,Leverage MXC Solid,2000 LSS,14,2.49,.054,,2000,56,70,76,33.83717442748007,69.47315078815583,69.03052790684976
Subzero Forge,Detonator™ Symmetrical,Leverage MXC Solid,2000 LSS,15,2.47,.055,,2000,56,70,76,30.201068032460267,73.4601343761581,70.84072259160541
Subzero Forge,Detonator™ Symmetrical,Leverage MXC Solid,2000 LSS,16,2.47,.054,,2000,56,70,76,30.28878733070588,73.02153788493004,70.44561812677408
Evoke Mayhem,Overload™ Asymmetrical,Propulsion MXV Solid,2000 LSS,12,2.64,.025,.008,2000,65,78,77,59.75069405916607,33.38419255997861,48.362784604441885
Evoke Mayhem,Overload™ Asymmetrical,Propulsion MXV Solid,2000 LSS,13,2.57,.035,.012,2000,65,78,77,44.83252461637858,51.811133932590664,59.17756595819135
Evoke Mayhem,Overload™ Asymmetrical,Propulsion MXV Solid,2000 LSS,14,2.51,.045,.015,2000,65,78,77,32.09395412738364,68.05847635141016,68.51087867241914
Evoke Mayhem,Overload™ Asymmetrical,Propulsion MXV Solid,2000 LSS,15,2.48,.050,.015,2000,65,78,77,26.33277699099431,75.57403945271177,72.60806206839158
Evoke Mayhem,Overload™ Asymmetrical,Propulsion MXV Solid,2000 LSS,16,2.48,.045,.015,2000,65,78,77,26.77137348222238,73.38105699657142,70.46654428053814
Evoke Hysteria,Overload™ Asymmetrical,Propulsion MXV Pearl,4000 LSS,12,2.64,.025,.008,4000,70,84,72,65.1248418564976,34.45902211944492,48.42234982536906
Evoke Hysteria,Overload™ Asymmetrical,Propulsion MXV Pearl,4000 LSS,13,2.57,.035,.012,4000,70,84,72,50.206672413710095,52.88596349205696,59.23973958113353
Evoke Hysteria,Overload™ Asymmetrical,Propulsion MXV Pearl,4000 LSS,14,2.51,.045,.015,4000,70,84,72,37.46810192471516,69.13330591087647,68.44712897323565
Evoke Hysteria,Overload™ Asymmetrical,Propulsion MXV Pearl,4000 LSS,15,2.48,.050,.015,4000,70,84,72,31.70692478832583,76.64886901217808,72.45894932888456
Evoke Hysteria,Overload™ Asymmetrical,Propulsion MXV Pearl,4000 LSS,16,2.48,.045,.015,4000,70,84,72,32.1455212795539,74.45588655603773,70.20357627671929
Steel Forge,Detonator™ Symmetrical,Propulsion MXV Pearl,5000 LSS,12,2.62,.032,,5000,74,88,76,66.52840263780247,38.298889356083386,49.737703628476595
Steel Forge,Detonator™ Symmetrical,Propulsion MXV Pearl,5000 LSS,13,2.55,.045,,5000,74,88,76,52.968696921899756,56.41999858075802,60.67414600860247
Steel Forge,Detonator™ Symmetrical,Propulsion MXV Pearl,5000 LSS,14,2.49,.054,,5000,74,88,76,41.534061947366716,71.01252829213317,68.53235909529887
Steel Forge,Detonator™ Symmetrical,Propulsion MXV Pearl,5000 LSS,15,2.47,.055,,5000,74,88,76,37.897955552346914,74.99951188013543,70.25452746090379
Steel Forge,Detonator™ Symmetrical,Propulsion MXV Pearl,5000 LSS,16,2.47,.054,,5000,74,88,76,37.985674850592524,74.56091538890736,69.82799167315609
Primal Ghost,Impulse™ V2 Symmetric,Coercion HFS,3000 LSS,12,2.67,.040,,3000,63,70,67,69.84337202122437,31.965844749462775,54.65708573430521
Primal Ghost,Impulse™ V2 Symmetric,Coercion HFS,3000 LSS,13,2.60,.055,,3000,63,70,67,56.10822770883052,50.96414695659347,63.11106332641579
Primal Ghost,Impulse™ V2 Symmetric,Coercion HFS,3000 LSS,14,2.56,.054,,3000,63,70,67,49.09917281352774,57.6223246589138,65.34886525886769
Primal Ghost,Impulse™ V2 Symmetric,Coercion HFS,3000 LSS,15,2.55,.050,,3000,63,70,67,47.67585645812306,57.642132242388655,64.18756901364006
Primal Ghost,Impulse™ V2 Symmetric,Coercion HFS,3000 LSS,16,2.54,.049,,3000,63,70,67,45.989382207981606,58.97772929954764,64.4609480283007
Nebula,Hadron™ Symmetrical,Dark Matter Propulsion Pearl,5500 LSP,12,2.65,.020,,9000,74,90,62,80.9422750424448,29.320882852292034,37.389522423273604
Nebula,Hadron™ Symmetrical,Dark Matter Propulsion Pearl,5500 LSP,13,2.65,.020,,9000,74,90,62,80.9422750424448,29.320882852292034,37.389522423273604
Nebula,Hadron™ Symmetrical,Dark Matter Propulsion Pearl,5500 LSP,14,2.51,.049,,9000,74,90,62,53.55970571590263,66.87889077532544,61.90271435492737
Nebula,Hadron™ Symmetrical,Dark Matter Propulsion Pearl,5500 LSP,15,2.50,.045,,9000,74,90,62,52.13638936049803,66.89869835880022,60.282105879543074
Nebula,Hadron™ Symmetrical,Dark Matter Propulsion Pearl,5500 LSP,16,2.50,.038,,9000,74,90,62,52.75042444821733,63.828522920203724,58.15453500245586
Lethal Venom,Gear™ APG Asymmetrical,Leverage MXC Solid,3000 LSS,12,2.63,.020,.007,3000,51,62,60,61.663145954750426,33.1285269562876,46.363454145765665
Lethal Venom,Gear™ APG Asymmetrical,Leverage MXC Solid,3000 LSS,13,2.56,.028,.009,3000,51,62,60,47.73122591926506,49.86746453563262,55.811223842154575
Lethal Venom,Gear™ APG Asymmetrical,Leverage MXC Solid,3000 LSS,14,2.50,.033,.012,3000,51,62,60,35.43125192149817,63.921824498311764,63.81206046386698
Lethal Venom,Gear™ APG Asymmetrical,Leverage MXC Solid,3000 LSS,15,2.47,.036,.013,3000,51,62,60,29.44010797619468,70.96560002256265,67.80672150370218
Lethal Venom,Gear™ APG Asymmetrical,Leverage MXC Solid,3000 LSS,16,2.48,.032,.011,3000,51,62,60,32.375989528375,66.6262096984525,64.72775454716339
Supra Sport,Quadfire™ Symmetrical,Leverage MFS Solid,4000 LSS,12,2.58,.050,,4000,54,68,60,55.52994135327789,52.82585244722601,61.80154897364372
Supra Sport,Quadfire™ Symmetrical,Leverage MFS Solid,4000 LSS,13,2.58,.047,,4000,54,68,60,55.793099248014734,51.51006297354181,60.25384844511949
Supra Sport,Quadfire™ Symmetrical,Leverage MFS Solid,4000 LSS,14,2.56,.043,,4000,54,68,60,52.595589344222994,53.30406410540372,59.22491367432378
Supra Sport,Quadfire™ Symmetrical,Leverage MFS Solid,4000 LSS,15,2.55,.043,,4000,54,68,60,50.821395795835855,55.07825765379086,59.94738653798402
Supra Sport,Quadfire™ Symmetrical,Leverage MFS Solid,4000 LSS,16,2.54,.040,,4000,54,68,60,49.31036014218564,55.536661728493705,63.955006895432255
Black Venom,Gear™ APG Asymmetric,Leverage MFS Solid,4000 LSS,12,2.63,.020,.007,4000,56,70,58,64.19465020474392,33.6348278062863,45.9997633305967
Black Venom,Gear™ APG Asymmetric,Leverage MFS Solid,4000 LSS,13,2.56,.028,.009,4000,56,70,58,50.26273016925856,50.373765385631316,55.4386973048768
Black Venom,Gear™ APG Asymmetric,Leverage MFS Solid,4000 LSS,14,2.50,.033,.012,4000,56,70,58,37.96275617149168,64.42812534831046,63.360670136436845
Black Venom,Gear™ APG Asymmetric,Leverage MFS Solid,4000 LSS,15,2.47,.036,.013,4000,56,70,58,31.971612226188178,71.47190087256135,67.3174183172982
Black Venom,Gear™ APG Asymmetric,Leverage MFS Solid,4000 LSS,16,2.48,.032,.011,4000,56,70,58,34.9074937783685,67.1325105484512,64.21929551245623
Venom Shock,Gear™ Symmetric,Turmoil MFS Solid,4000 LSS,12,2.65,.016,,4000,60,77,55,70.9317523323384,25.49421690676198,42.057837028048354
Venom Shock,Gear™ Symmetric,Turmoil MFS Solid,4000 LSS,13,2.58,.023,,4000,60,77,55,57.89836240590947,40.983747184068115,49.130254615483544
Venom Shock,Gear™ Symmetric,Turmoil MFS Solid,4000 LSS,14,2.52,.029,,4000,60,77,55,46.72688532611319,54.26048742175913,56.1831149677488
Venom Shock,Gear™ Symmetric,Turmoil MFS Solid,4000 LSS,15,2.48,.034,,4000,60,77,55,39.19151464133673,63.55024407144787,62.03745649518663
Venom Shock,Gear™ Symmetric,Turmoil MFS Solid,4000 LSS,16,2.48,.031,,4000,60,77,55,39.45467253607357,62.23445459776366,60.731093831537756
Supra Clutch,Quadfire™,Propulsion XRT Hybrid,5500 LSP,12,2.58,.050,,9000,80,90,54,65.89134125636674,54.89813242784379,56.95751759277588
Supra Clutch,Quadfire™,Propulsion XRT Hybrid,5500 LSP,13,2.58,.047,,9000,80,90,54,66.15449915110358,53.58234295415957,55.24095352761168
Supra Clutch,Quadfire™,Propulsion XRT Hybrid,5500 LSP,14,2.56,.043,,9000,80,90,54,62.956989247311846,55.37634408602149,54.17426326236534
Supra Clutch,Quadfire™,Propulsion XRT Hybrid,5500 LSP,15,2.55,.043,,9000,80,90,54,61.1827956989247,57.15053763440863,55.0084546919351
Supra Clutch,Quadfire™,Propulsion XRT Hybrid,5500 LSP,16,2.54,.040,,9000,80,90,54,59.67176004527449,57.60894170911148,58.96600790552473
Hyper Venom,Gear™ Symmetrical,Propulsion MXR Pearl,5500 LSP,12,2.65,.016,,9000,76,81,48,81.29315223542726,27.566496887379753,35.674189109526615
Hyper Venom,Gear™ Symmetrical,Propulsion MXR Pearl,5500 LSP,13,2.58,.023,,9000,76,81,48,68.25976230899832,43.05602716468589,43.0289114409005
Hyper Venom,Gear™ Symmetrical,Propulsion MXR Pearl,5500 LSP,14,2.52,.029,,9000,76,81,48,57.08828522920204,56.3327674023769,50.9324393721914
Hyper Venom,Gear™ Symmetrical,Propulsion MXR Pearl,5500 LSP,15,2.48,.034,,9000,76,81,48,49.55291454442558,65.62252405206564,57.55101127232389
Hyper Venom,Gear™ Symmetrical,Propulsion MXR Pearl,5500 LSP,16,2.48,.031,,9000,76,81,48,49.816072439162426,64.30673457838144,56.11225328345515
Shadow Tank,Flux™ Symmetric,Frixion M7 Pearl MCP,1000 LSS,14,2.57,.018,,1000,37,35,36,47.78743604569728,38.80989241570428,46.50425590843252
Shadow Tank,Flux™ Symmetric,Frixion M7 Pearl MCP,1000 LSS,15,2.57,.015,,1000,37,35,36,48.05059394043411,37.49410294202007,45.00152063640224
Shadow Tank,Flux™ Symmetric,Frixion M7 Pearl MCP,1000 LSS,16,2.57,.013,,1000,37,35,36,48.226032536925345,36.616909959563934,43.98769345223255
Max Thrill Solid,Halogen™,Turmoil XP3 Solid,5000 LSS,12,2.64,.031,,5000,62,70,46,70.16450903282228,34.31190576808112,48.16443334340447
Max Thrill Solid,Halogen™,Turmoil XP3 Solid,5000 LSS,13,2.59,.038,,5000,62,70,46,60.67950620316745,46.25304894861314,55.59985752812907
Max Thrill Solid,Halogen™,Turmoil XP3 Solid,5000 LSS,14,2.56,.038,,5000,62,70,46,55.356925558006196,51.575629593774394,57.74066594728687
Max Thrill Solid,Halogen™,Turmoil XP3 Solid,5000 LSS,15,2.55,.037,,5000,62,70,46,53.67045130786467,52.911226650933465,57.68277411305592
Max Thrill Solid,Halogen™,Turmoil XP3 Solid,5000 LSS,16,2.54,.036,,5000,62,70,46,51.98397705772323,54.24682370809244,57.71102181371651
Max Thrill Hybrid,Halogen™,Turmoil XP3 Hybrid,5500 LSP,12,2.64,.031,,9000,70,76,45,78.203169213356,35.919637804187865,42.8935374210635
Max Thrill Hybrid,Halogen™,Turmoil XP3 Hybrid,5500 LSP,13,2.59,.038,,9000,70,76,45,68.71816638370117,47.86078098471988,50.738892173707214
Max Thrill Hybrid,Halogen™,Turmoil XP3 Hybrid,5500 LSP,14,2.56,.038,,9000,70,76,45,63.39558573853992,53.18336162988114,53.13800509348661
Max Thrill Hybrid,Halogen™,Turmoil XP3 Hybrid,5500 LSP,15,2.55,.037,,9000,70,76,45,61.709111488398385,54.51895868704021,53.145262242909
Max Thrill Hybrid,Halogen™,Turmoil XP3 Hybrid,5500 LSP,16,2.54,.036,,9000,70,76,45,60.02263723825695,55.85455574419919,53.24800959478452
Max Thrill Pearl,Halogen™,Turmoil XP3 Pearl,5500 LSP,12,2.64,.031,,9000,80,82,44,78.203169213356,35.919637804187865,42.8935374210635
Max Thrill Pearl,Halogen™,Turmoil XP3 Pearl,5500 LSP,13,2.59,.038,,9000,80,82,44,68.71816638370117,47.86078098471988,50.738892173707214
Max Thrill Pearl,Halogen™,Turmoil XP3 Pearl,5500 LSP,14,2.56,.038,,9000,80,82,44,63.39558573853992,53.18336162988114,53.13800509348661
Max Thrill Pearl,Halogen™,Turmoil XP3 Pearl,5500 LSP,15,2.55,.037,,9000,80,82,44,61.709111488398385,54.51895868704021,53.145262242909
Max Thrill Pearl,Halogen™,Turmoil XP3 Pearl,5500 LSP,16,2.54,.036,,9000,80,82,44,60.02263723825695,55.85455574419919,53.24800959478452
Ascend - Green/Teal/Black,Flux™ V2 Symmetric,Vitality Pearl,5500 LSP,12,2.72,.015,,9000,80,70,35,93.80022637238261,14.708545557441955,30.20597193577272
Ascend - Green/Teal/Black,Flux™ V2 Symmetric,Vitality Pearl,5500 LSP,13,2.65,.017,,9000,80,70,35,81.20543293718164,28.005093378607825,36.09804873132171
Ascend - Green/Teal/Black,Flux™ V2 Symmetric,Vitality Pearl,5500 LSP,14,2.60,.024,,9000,80,70,35,71.7204301075269,39.94623655913976,41.70376698740957
Ascend - Green/Teal/Black,Flux™ V2 Symmetric,Vitality Pearl,5500 LSP,15,2.59,.023,,9000,80,70,35,70.03395585738538,41.281833616298826,42.12390343171591
Ascend - Navy/Teal/Yellow,Flux™ V2 Symmetric,Vitality Pearl,5500 LSP,12,2.72,.015,,9000,80,70,35,93.80022637238261,14.708545557441955,30.20597193577272
Ascend - Navy/Teal/Yellow,Flux™ V2 Symmetric,Vitality Pearl,5500 LSP,13,2.65,.017,,9000,80,70,35,81.20543293718164,28.005093378607825,36.09804873132171
Ascend - Navy/Teal/Yellow,Flux™ V2 Symmetric,Vitality Pearl,5500 LSP,14,2.60,.024,,9000,80,70,35,71.7204301075269,39.94623655913976,41.70376698740957
Ascend - Navy/Teal/Yellow,Flux™ V2 Symmetric,Vitality Pearl,5500 LSP,15,2.59,.023,,9000,80,70,35,70.03395585738538,41.281833616298826,42.12390343171591
Ascend - Dark Purple/Purple/Blue,Flux™ V2 Symmetric,Vitality Pearl,5500 LSP,12,2.72,.015,,9000,80,70,35,93.80022637238261,14.708545557441955,30.20597193577272
Ascend - Dark Purple/Purple/Blue,Flux™ V2 Symmetric,Vitality Pearl,5500 LSP,13,2.65,.017,,9000,80,70,35,81.20543293718164,28.005093378607825,36.09804873132171
Ascend - Dark Purple/Purple/Blue,Flux™ V2 Symmetric,Vitality Pearl,5500 LSP,14,2.60,.024,,9000,80,70,35,71.7204301075269,39.94623655913976,41.70376698740957
Ascend - Dark Purple/Purple/Blue,Flux™ V2 Symmetric,Vitality Pearl,5500 LSP,15,2.59,.023,,9000,80,70,35,70.03395585738538,41.281833616298826,42.12390343171591
Ascend - Red/Black/Tangerine,Flux™ V2 Symmetric,Vitality Pearl,5500 LSP,12,2.72,.015,,9000,80,70,35,93.80022637238261,14.708545557441955,30.20597193577272
Ascend - Red/Black/Tangerine,Flux™ V2 Symmetric,Vitality Pearl,5500 LSP,13,2.65,.017,,9000,80,70,35,81.20543293718164,28.005093378607825,36.09804873132171
Ascend - Red/Black/Tangerine,Flux™ V2 Symmetric,Vitality Pearl,5500 LSP,14,2.60,.024,,9000,80,70,35,71.7204301075269,39.94623655913976,41.70376698740957
Ascend - Red/Black/Tangerine,Flux™ V2 Symmetric,Vitality Pearl,5500 LSP,15,2.59,.023,,9000,80,70,35,70.03395585738538,41.281833616298826,42.12390343171591
Primal Rage Evolution,Impulse™ V2,Propulsion FYJ Pearl,5500 LSP,12,2.67,.040,,9000,72,87,64,82.73627617430672,34.54442558007924,48.92232873913246
Primal Rage Evolution,Impulse™ V2,Propulsion FYJ Pearl,5500 LSP,13,2.60,.055,,9000,72,87,64,69.00113186191287,53.54272778720994,58.3627448818044
Primal Rage Evolution,Impulse™ V2,Propulsion FYJ Pearl,5500 LSP,14,2.56,.054,,9000,72,87,64,61.99207696661009,60.200905489530264,60.82029561880446
Primal Rage Evolution,Impulse™ V2,Propulsion FYJ Pearl,5500 LSP,15,2.55,.050,,9000,72,87,64,60.568760611205406,60.22071307300513,59.4973584866109
Primal Rage Evolution,Impulse™ V2,Propulsion FYJ Pearl,5500 LSP,16,2.54,.049,,9000,72,87,64,58.88228636106396,61.55631013016411,59.80383961858319
Crimson Jackal,Predator™ V2 Asymmetric,Propulsion HV+ Pearl,5000 LSS,12,2.64,.030,.010,5000,75,88,75,66.19817427701383,37.927363330907106,50.45705309404494
Crimson Jackal,Predator™ V2 Asymmetric,Propulsion HV+ Pearl,5000 LSS,13,2.57,.040,.011,5000,75,88,75,52.496221050442564,55.13808848730294,64.21819998976963
Crimson Jackal,Predator™ V2 Asymmetric,Propulsion HV+ Pearl,5000 LSS,14,2.51,.049,.014,5000,75,88,75,39.84536985969323,70.94683441489437,69.41868479438678
Crimson Jackal,Predator™ V2 Asymmetric,Propulsion HV+ Pearl,5000 LSS,15,2.47,.054,.015,5000,75,88,75,31.904593769511443,80.64199646998844,74.36296526369159
Crimson Jackal,Predator™ V2 Asymmetric,Propulsion HV+ Pearl,5000 LSS,16,2.48,.047,.013,5000,75,88,75,35.10363321642861,74.98681667219408,69.70340346047227
Pride Liberty,Dominion™ Asymmetric,Dynamic Propulsion Hybrid,4000 LSS,12,2.63,.028,.007,4000,66,75,68,63.49289581877901,37.14359973611086,49.90522684610168
Pride Liberty,Dominion™ Asymmetric,Dynamic Propulsion Hybrid,4000 LSS,13,2.56,.039,.009,4000,66,75,68,49.29781788855681,55.19832678914008,61.98630479909458
Pride Liberty,Dominion™ Asymmetric,Dynamic Propulsion Hybrid,4000 LSS,14,2.52,.043,.011,4000,66,75,68,41.03935569121514,64.86029775841158,65.05974039082128
Pride Liberty,Dominion™ Asymmetric,Dynamic Propulsion Hybrid,4000 LSS,15,2.50,.042,.010,4000,66,75,68,37.98409329809196,67.5646829585523,64.97446493186852
Pride Liberty,Dominion™ Asymmetric,Dynamic Propulsion Hybrid,4000 LSS,16,2.49,.041,.010,4000,66,75,68,36.29761904795052,68.90028001571127,62.19110125404451
Evoke,Overload™ Asymmetrical,Leverage MXC Solid,2000 LSS,12,2.64,.025,.008,2000,60,72,75,59.75069405916607,33.38419255997861,48.362784604441885
Evoke,Overload™ Asymmetrical,Leverage MXC Solid,2000 LSS,13,2.57,.035,.012,2000,60,72,75,44.83252461637858,51.811133932590664,59.17756595819135
Evoke,Overload™ Asymmetrical,Leverage MXC Solid,2000 LSS,14,2.51,.045,.015,2000,60,72,75,32.09395412738364,68.05847635141016,68.51087867241914
Evoke,Overload™ Asymmetrical,Leverage MXC Solid,2000 LSS,15,2.48,.050,.015,2000,60,72,75,26.33277699099431,75.57403945271177,72.60806206839158
Evoke,Overload™ Asymmetrical,Leverage MXC Solid,2000 LSS,16,2.48,.045,.015,2000,60,72,75,26.77137348222238,73.38105699657142,70.46654428053814
Jackal EXJ,Predator™ V2 Asymmetric,Propulsion HVH,4000 LSS,12,2.64,.030,.010,4000,70,78,80,63.87543455445871,37.46281538639608,51.29605605855815
Jackal EXJ,Predator™ V2 Asymmetric,Propulsion HVH,4000 LSS,13,2.57,.040,.011,4000,70,78,80,50.17348132788743,54.67354054279191,64.92731893664303
Jackal EXJ,Predator™ V2 Asymmetric,Propulsion HVH,4000 LSS,14,2.51,.049,.014,4000,70,78,80,37.5226301371381,70.48228647038334,69.99000064979393
Jackal EXJ,Predator™ V2 Asymmetric,Propulsion HVH,4000 LSS,15,2.47,.054,.015,4000,70,78,80,29.58185404695631,80.17744852547742,74.85087464683055
Jackal EXJ,Predator™ V2 Asymmetric,Propulsion HVH,4000 LSS,16,2.48,.047,.013,4000,70,78,80,32.780893493873485,74.52226872768306,70.27832488573347
Raptor Rush,Affliction™ V2 Symmetric,Propulsion FYJ Pearl,5000 LSS,12,2.64,.029,,5000,76,90,74,70.3399476293135,33.43471278562498,47.20516576185511
Raptor Rush,Affliction™ V2 Symmetric,Propulsion FYJ Pearl,5000 LSS,13,2.57,.040,,5000,76,90,74,56.955680509902024,50.67862902784348,61.15759620067924
Raptor Rush,Affliction™ V2 Symmetric,Propulsion FYJ Pearl,5000 LSS,14,2.50,.053,,5000,76,90,74,43.39597479399939,68.79973825251803,67.69223719452702
Raptor Rush,Affliction™ V2 Symmetric,Propulsion FYJ Pearl,5000 LSS,15,2.48,.055,,5000,76,90,74,39.67214910073397,73.22531833174837,69.52613750103973
Raptor Rush,Affliction™ V2 Symmetric,Propulsion FYJ Pearl,5000 LSS,16,2.48,.053,,5000,76,90,74,39.847587697225194,72.34812534929223,68.67648424133523
Primal Shock,Impulse™ V2 Symmetric,Turmoil MFS Solid,4000 LSS,12,2.67,.040,,4000,68,82,70,72.37487627121787,32.47214559946147,54.46405203366217
Primal Shock,Impulse™ V2 Symmetric,Turmoil MFS Solid,4000 LSS,13,2.60,.055,,4000,68,82,70,58.63973195882402,51.47044780659217,63.09027570354442
Primal Shock,Impulse™ V2 Symmetric,Turmoil MFS Solid,4000 LSS,14,2.56,.054,,4000,68,82,70,51.63067706352124,58.12862550891249,65.26128953415012
Primal Shock,Impulse™ V2 Symmetric,Turmoil MFS Solid,4000 LSS,15,2.55,.050,,4000,68,82,70,50.20736070811656,58.14843309238735,64.03698343383856
Primal Shock,Impulse™ V2 Symmetric,Turmoil MFS Solid,4000 LSS,16,2.54,.049,,4000,68,82,70,48.52088645797511,59.484030149546335,64.2789416560466
Nuclear Forge,Detonator™ Symmetrical,Propulsion HVP Pearl,5000 LSS,12,2.62,.032,,5000,72,89,70,66.52840263780247,38.298889356083386,49.737703628476595
Nuclear Forge,Detonator™ Symmetrical,Propulsion HVP Pearl,5000 LSS,13,2.55,.045,,5000,72,89,70,52.968696921899756,56.41999858075802,60.67414600860247
Nuclear Forge,Detonator™ Symmetrical,Propulsion HVP Pearl,5000 LSS,14,2.49,.054,,5000,72,89,70,41.534061947366716,71.01252829213317,68.53235909529887
Nuclear Forge,Detonator™ Symmetrical,Propulsion HVP Pearl,5000 LSS,15,2.47,.055,,5000,72,89,70,37.897955552346914,74.99951188013543,70.25452746090379
Nuclear Forge,Detonator™ Symmetrical,Propulsion HVP Pearl,5000 LSS,16,2.47,.054,,5000,72,89,70,37.985674850592524,74.56091538890736,69.82799167315609
Silver Sniper,Hollow Point,TruShot Polythane,5500 LSP,14,2.69,.014,,90000,0,0,0,0,0,0
Silver Sniper,Hollow Point,TruShot Polythane,5500 LSP,15,2.68,.010,,90000,0,0,0,0,0,0
Silver Sniper,Hollow Point,TruShot Polythane,5500 LSP,16,2.67,.010,,90000,0,0,0,0,0,0
Supra GT,Quadfire™ V2,Propulsion XRT Pearl,5500 LSP,12,2.64,.040,,9000,78,83,47,77.41369552914547,39.867006225240495,51.11504276718464
Supra GT,Quadfire™ V2,Propulsion XRT Pearl,5500 LSP,13,2.61,.040,,9000,78,83,47,72.09111488398413,45.189586870401826,53.38801343340507
Supra GT,Quadfire™ V2,Propulsion XRT Pearl,5500 LSP,14,2.59,.040,,9000,78,83,47,68.54272778720994,48.737973967176025,54.95276322751217
Supra GT,Quadfire™ V2,Propulsion XRT Pearl,5500 LSP,15,2.57,.040,,9000,78,83,47,64.99434069043575,52.286361063950224,56.54400525535922
Supra GT,Quadfire™ V2,Propulsion XRT Pearl,5500 LSP,16,2.56,.040,,9000,78,83,47,63.22014714204869,54.060554612337285,57.34700935190167
Tank Rampage Pearl,Gear™ V2 Symmetrical,Frixion M6 Pearl MCP,1000 LSS,14,2.56,.020,,1000,40,38,34,45.83780390081899,41.46127894654749,48.174793092131296
Tank Rampage Pearl,Gear™ V2 Symmetrical,Frixion M6 Pearl MCP,1000 LSS,15,2.55,.020,,1000,40,38,34,44.06361035243185,43.235472494934626,48.779779674755346
Tank Rampage Pearl,Gear™ V2 Symmetrical,Frixion M6 Pearl MCP,1000 LSS,16,2.54,.020,,1000,40,38,34,42.28941680404479,45.00966604332168,49.40816819435899
Pride Dynasty,Dominion™ Asymmetric,Leverage MFS Solid,2000 LSS,12,2.63,.028,.007,2000,41,68,68,58.1187480214475,36.068770176644556,49.80672696314404
Pride Dynasty,Dominion™ Asymmetric,Leverage MFS Solid,2000 LSS,13,2.56,.039,.009,2000,41,68,68,43.92367009122529,54.12349722967379,61.88810137600734
Pride Dynasty,Dominion™ Asymmetric,Leverage MFS Solid,2000 LSS,14,2.52,.043,.011,2000,41,68,68,35.665207893883625,63.78546819894527,65.10477665588398
Pride Dynasty,Dominion™ Asymmetric,Leverage MFS Solid,2000 LSS,15,2.50,.042,.010,2000,41,68,68,32.609945500760446,66.48985339908599,65.17336547595413
Pride Dynasty,Dominion™ Asymmetric,Leverage MFS Solid,2000 LSS,16,2.49,.041,.010,2000,41,68,68,30.923471250619002,67.82545045624498,62.4793811918638
Venom EXJ,Gear™ Symmetrical,Turmoil MXC Solid,2000 LSS,12,2.65,.016,,2000,55,65,70,65.5576045350069,24.41938734729568,42.05809748867926
Venom EXJ,Gear™ Symmetrical,Turmoil MXC Solid,2000 LSS,13,2.58,.023,,2000,55,65,70,52.52421460857795,39.90891762460181,49.205489228581854
Venom EXJ,Gear™ Symmetrical,Turmoil MXC Solid,2000 LSS,14,2.52,.029,,2000,55,65,70,41.35273752878168,53.18565786229283,56.51035573246549
Venom EXJ,Gear™ Symmetrical,Turmoil MXC Solid,2000 LSS,15,2.48,.034,,2000,55,65,70,33.817366844005214,62.47541451198157,62.5412998000242
Venom EXJ,Gear™ Symmetrical,Turmoil MXC Solid,2000 LSS,16,2.48,.031,,2000,55,65,70,34.08052473874206,61.159625038297364,61.28989460768141
Raptor Fury,Affliction™ V2 Symmetric,Leverage XFS Solid,2000 LSS,12,2.64,.029,,2000,58,71,80,62.643060109426855,31.895335281647647,47.942607329780905
Raptor Fury,Affliction™ V2 Symmetric,Leverage XFS Solid,2000 LSS,13,2.57,.040,,2000,58,71,80,49.25879299001538,49.13925152386615,61.69778337647053
Raptor Fury,Affliction™ V2 Symmetric,Leverage XFS Solid,2000 LSS,14,2.50,.053,,2000,58,71,80,35.69908727411275,67.2603607485407,68.16234565028385
Raptor Fury,Affliction™ V2 Symmetric,Leverage XFS Solid,2000 LSS,15,2.48,.055,,2000,58,71,80,31.97526158084732,71.68594082777105,70.05290915287334
Raptor Fury,Affliction™ V2 Symmetric,Leverage XFS Solid,2000 LSS,16,2.48,.053,,2000,58,71,80,32.15070017733855,70.8087478453149,69.26673205845634
Tank Yellowjacket,Flux™ Symmetric,Frixion M5 Microcell Polymer,1000 LSS,12,2.65,.012,,1000,33,33,41,62.50730022226774,21.984765081239075,39.08233473520577
Tank Yellowjacket,Flux™ Symmetric,Frixion M5 Microcell Polymer,1000 LSS,13,2.58,.020,,1000,33,33,41,49.38619099759318,37.91289184977328,46.696555694034124
Tank Yellowjacket,Flux™ Symmetric,Frixion M5 Microcell Polymer,1000 LSS,14,2.57,.018,,1000,33,33,41,47.78743604569728,38.80989241570428,46.50425590843252
Tank Yellowjacket,Flux™ Symmetric,Frixion M5 Microcell Polymer,1000 LSS,15,2.57,.015,,1000,33,33,41,48.05059394043411,37.49410294202007,45.00152063640224
Tank Yellowjacket,Flux™ Symmetric,Frixion M5 Microcell Polymer,1000 LSS,16,2.57,.013,,1000,33,33,41,48.226032536925345,36.616909959563934,43.98769345223255
Blue Coral Venom,Gear™ APG Asymmetric,Coercion MFH,4000 LSS,12,2.63,.020,.007,4000,73,80,52,64.19465020474392,33.6348278062863,45.9997633305967
Blue Coral Venom,Gear™ APG Asymmetric,Coercion MFH,4000 LSS,13,2.56,.028,.009,4000,73,80,52,50.26273016925856,50.373765385631316,55.4386973048768
Blue Coral Venom,Gear™ APG Asymmetric,Coercion MFH,4000 LSS,14,2.50,.033,.012,4000,73,80,52,37.96275617149168,64.42812534831046,63.360670136436845
Blue Coral Venom,Gear™ APG Asymmetric,Coercion MFH,4000 LSS,15,2.47,.036,.013,4000,73,80,52,31.971612226188178,71.47190087256135,67.3174183172982
Blue Coral Venom,Gear™ APG Asymmetric,Coercion MFH,4000 LSS,16,2.48,.032,.011,4000,73,80,52,34.9074937783685,67.1325105484512,64.21929551245623
Jackal Ambush,Predator™ V2 Asymmetric,Leverage Solid,1000 LSS,12,2.64,.030,.010,1000,43,68,85,55.10010525140558,35.70774952578545,50.070881721764934
Jackal Ambush,Predator™ V2 Asymmetric,Leverage Solid,1000 LSS,13,2.57,.040,.011,1000,43,68,85,41.3981520248343,52.91847468218129,63.69854181356471
Jackal Ambush,Predator™ V2 Asymmetric,Leverage Solid,1000 LSS,14,2.51,.049,.014,1000,43,68,85,28.747300834084978,68.72722060977273,69.03262777823485
Jackal Ambush,Predator™ V2 Asymmetric,Leverage Solid,1000 LSS,15,2.47,.054,.015,1000,43,68,85,20.806524743903182,78.4223826648668,74.18135870244997
Jackal Ambush,Predator™ V2 Asymmetric,Leverage Solid,1000 LSS,16,2.48,.047,.013,1000,43,68,85,24.005564190820355,72.76720286707243,69.7203731294031
Forge Ember,Detonator™ Symmetric,Infusion MXC Hybrid,2000 LSS,12,2.62,.032,,2000,68,75,70,58.83151511791582,36.75951185210606,50.3977232889907
Forge Ember,Detonator™ Symmetric,Infusion MXC Hybrid,2000 LSS,13,2.55,.045,,2000,68,75,70,45.27180940201311,54.8806210767807,61.13398977951545
Forge Ember,Detonator™ Symmetric,Infusion MXC Hybrid,2000 LSS,14,2.49,.054,,2000,68,75,70,33.83717442748007,69.47315078815583,69.03052790684976
Forge Ember,Detonator™ Symmetric,Infusion MXC Hybrid,2000 LSS,15,2.47,.055,,2000,68,75,70,30.201068032460267,73.4601343761581,70.84072259160541
Forge Ember,Detonator™ Symmetric,Infusion MXC Hybrid,2000 LSS,16,2.47,.054,,2000,68,75,70,30.28878733070588,73.02153788493004,70.44561812677408
Ripcord Launch,Torx V2 Symmetric,Propulsion MVP Pearl,5500 LSP,12,2.64,.029,,9000,73,88,58,78.37860780984722,35.04244482173172,41.87999563046214
Ripcord Launch,Torx V2 Symmetric,Propulsion MVP Pearl,5500 LSP,13,2.57,.041,,9000,73,88,58,64.90662139219013,52.72495755517829,48.689793580754134
Ripcord Launch,Torx V2 Symmetric,Propulsion MVP Pearl,5500 LSP,14,2.53,.048,,9000,73,88,58,57.19581211092244,62.89190718732318,60.02644819112499
Ripcord Launch,Torx V2 Symmetric,Propulsion MVP Pearl,5500 LSP,15,2.51,.048,,9000,73,88,58,53.64742501414825,66.44029428409738,61.350993177447116
Ripcord Launch,Torx V2 Symmetric,Propulsion MVP Pearl,5500 LSP,16,2.49,.048,,9000,73,88,58,50.099037917374126,69.9886813808715,62.589096506279105
Supra Rally,Quadfire™ V2 Symmetric,Propulsion DRS Pearl,5500 LSP,12,2.64,.040,,9000,80,83,45,77.41369552914547,39.867006225240495,51.11504276718464
Supra Rally,Quadfire™ V2 Symmetric,Propulsion DRS Pearl,5500 LSP,13,2.61,.040,,9000,80,83,45,72.09111488398413,45.189586870401826,53.38801343340507
Supra Rally,Quadfire™ V2 Symmetric,Propulsion DRS Pearl,5500 LSP,14,2.59,.040,,9000,80,83,45,68.54272778720994,48.737973967176025,54.95276322751217
Supra Rally,Quadfire™ V2 Symmetric,Propulsion DRS Pearl,5500 LSP,15,2.57,.040,,9000,80,83,45,64.99434069043575,52.286361063950224,56.54400525535922
Supra Rally,Quadfire™ V2 Symmetric,Propulsion DRS Pearl,5500 LSP,16,2.56,.040,,9000,80,83,45,63.22014714204869,54.060554612337285,57.34700935190167
Top Thrill Solid,Halogen™ V2,Turmoil XP2 Solid,4000 LSS,12,2.65,.026,,4000,65,72,43,70.05455934988227,29.880181819042683,46.32114730567911
Top Thrill Solid,Halogen™ V2,Turmoil XP2 Solid,4000 LSS,13,2.63,.024,,4000,65,72,43,66.68161084959931,32.551375933360745,46.01263119745484
Top Thrill Solid,Halogen™ V2,Turmoil XP2 Solid,4000 LSS,14,2.61,.023,,4000,65,72,43,63.22094305107072,35.66116653890686,46.58685510167314
Top Thrill Solid,Halogen™ V2,Turmoil XP2 Solid,4000 LSS,15,2.59,.023,,4000,65,72,43,59.67255595429653,39.20955363568106,48.30346344108033
Top Thrill Solid,Halogen™ V2,Turmoil XP2 Solid,4000 LSS,16,2.58,.023,,4000,65,72,43,57.89836240590947,40.983747184068115,49.130254615483544
Top Thrill Hybrid,Halogen™ V2,Turmoil XP2 Hybrid,5500 LSP,12,2.65,.026,,9000,74,78,40,80.41595925297112,31.952461799660455,40.06871734228091
Top Thrill Hybrid,Halogen™ V2,Turmoil XP2 Hybrid,5500 LSP,13,2.63,.024,,9000,74,78,40,77.04301075268815,34.62365591397851,39.68986612724782
Top Thrill Hybrid,Halogen™ V2,Turmoil XP2 Hybrid,5500 LSP,14,2.61,.023,,9000,74,78,40,73.58234295415957,37.733446519524634,40.2934215658989
Top Thrill Hybrid,Halogen™ V2,Turmoil XP2 Hybrid,5500 LSP,15,2.59,.023,,9000,74,78,40,70.03395585738538,41.281833616298826,42.12390343171591
Top Thrill Hybrid,Halogen™ V2,Turmoil XP2 Hybrid,5500 LSP,16,2.58,.023,,9000,74,78,40,68.25976230899832,43.05602716468589,43.0289114409005
Fatal Venom,Gear™ Symmetric,Infusion Pearl,5500 LSP,12,2.65,.016,,9000,78,80,47,81.29315223542726,27.566496887379753,35.674189109526615
Fatal Venom,Gear™ Symmetric,Infusion Pearl,5500 LSP,13,2.58,.023,,9000,78,80,47,68.25976230899832,43.05602716468589,43.0289114409005
Fatal Venom,Gear™ Symmetric,Infusion Pearl,5500 LSP,14,2.52,.029,,9000,78,80,47,57.08828522920204,56.3327674023769,50.9324393721914
Fatal Venom,Gear™ Symmetric,Infusion Pearl,5500 LSP,15,2.48,.034,,9000,78,80,47,49.55291454442558,65.62252405206564,57.55101127232389
Fatal Venom,Gear™ Symmetric,Infusion Pearl,5500 LSP,16,2.48,.031,,9000,78,80,47,49.816072439162426,64.30673457838144,56.11225328345515
Top Thrill - Blue/Green,HalogenV2 Symmetric,Turmoil XP Pearl,5500 LSP,12,2.65,.026,,9000,80,80,38,80.41595925297112,31.952461799660455,40.06871734228091
Top Thrill - Blue/Green,HalogenV2 Symmetric,Turmoil XP Pearl,5500 LSP,13,2.63,.024,,9000,80,80,38,77.04301075268815,34.62365591397851,39.68986612724782
Top Thrill - Blue/Green,HalogenV2 Symmetric,Turmoil XP Pearl,5500 LSP,14,2.61,.023,,9000,80,80,38,73.58234295415957,37.733446519524634,40.2934215658989
Top Thrill - Blue/Green,HalogenV2 Symmetric,Turmoil XP Pearl,5500 LSP,15,2.59,.023,,9000,80,80,38,70.03395585738538,41.281833616298826,42.12390343171591
Top Thrill - Blue/Green,HalogenV2 Symmetric,Turmoil XP Pearl,5500 LSP,16,2.58,.023,,9000,80,80,38,68.25976230899832,43.05602716468589,43.0289114409005
Laser Sniper,Hollow Point™,TruShot Polythane,5500 LSP,12,2.75,.003,,90000,0,0,0,0,0,0
Laser Sniper,Hollow Point™,TruShot Polythane,5500 LSP,13,2.73,.006,,90000,0,0,0,0,0,0
Laser Sniper,Hollow Point™,TruShot Polythane,5500 LSP,14,2.69,.014,,90000,0,0,0,0,0,0
Laser Sniper,Hollow Point™,TruShot Polythane,5500 LSP,15,2.68,.010,,90000,0,0,0,0,0,0
Laser Sniper,Hollow Point™,TruShot Polythane,5500 LSP,16,2.67,.010,,90000,0,0,0,0,0,0
Sky Raptor,Affliction™ V2 Symmetric,Dynamic Infusion Pearl,5000 LSS,12,2.64,.029,,5000,77,88,72,70.3399476293135,33.43471278562498,47.20516576185511
Sky Raptor,Affliction™ V2 Symmetric,Dynamic Infusion Pearl,5000 LSS,13,2.57,.040,,5000,77,88,72,56.955680509902024,50.67862902784348,61.15759620067924
Sky Raptor,Affliction™ V2 Symmetric,Dynamic Infusion Pearl,5000 LSS,14,2.50,.053,,5000,77,88,72,43.39597479399939,68.79973825251803,67.69223719452702
Sky Raptor,Affliction™ V2 Symmetric,Dynamic Infusion Pearl,5000 LSS,15,2.48,.055,,5000,77,88,72,39.67214910073397,73.22531833174837,69.52613750103973
Sky Raptor,Affliction™ V2 Symmetric,Dynamic Infusion Pearl,5000 LSS,16,2.48,.053,,5000,77,88,72,39.847587697225194,72.34812534929223,68.67648424133523
Carbide Tank,Gear™ Symmetric,Frixion M4 Solid MCP,1000 LSS,12,2.65,.016,,1000,33,33,55,62.156423029285286,23.739151046151356,40.8660420890329
Carbide Tank,Gear™ Symmetric,Frixion M4 Solid MCP,1000 LSS,13,2.58,.023,,1000,33,33,55,49.12303310285634,39.228681323457494,48.16786959329392
Carbide Tank,Gear™ Symmetric,Frixion M4 Solid MCP,1000 LSS,14,2.52,.029,,1000,33,33,55,37.951556023060064,52.50542156114851,55.70848946882288
Carbide Tank,Gear™ Symmetric,Frixion M4 Solid MCP,1000 LSS,15,2.48,.034,,1000,33,33,55,30.416185338283604,61.79517821083725,61.89721567519268
Carbide Tank,Gear™ Symmetric,Frixion M4 Solid MCP,1000 LSS,16,2.48,.031,,1000,33,33,55,30.679343233020447,60.479388737153045,60.66005577560675
Pride Empire,Dominion™ Asymmetric,Propulsion Pearl,5000 LSP,12,2.63,.028,.007,9000,67,85,61,73.85429572186786,39.21587971672863,43.694004147833084
Pride Empire,Dominion™ Asymmetric,Propulsion Pearl,5000 LSP,13,2.56,.039,.009,9000,67,85,61,59.65921779164566,57.27060676975786,56.71034927896854
Pride Empire,Dominion™ Asymmetric,Propulsion Pearl,5000 LSP,14,2.52,.043,.011,9000,67,85,61,51.40075559430399,66.93257773902934,60.500123251402094
Pride Empire,Dominion™ Asymmetric,Propulsion Pearl,5000 LSP,15,2.50,.042,.010,9000,67,85,61,48.345493201180815,69.63696293917006,60.63267557122011
Pride Empire,Dominion™ Asymmetric,Propulsion Pearl,5000 LSP,16,2.49,.041,.010,9000,67,85,61,46.65901895103937,70.97255999632905,57.93252113989148
VIP ExJ Sigma,Sigma™ Symmetric,Dynamic Infusion Pearl,5000 LSS,14,2.50,.044,,5000,70,83,63,44.18544847820992,64.8523698314654,63.26152446605996
VIP ExJ Sigma,Sigma™ Symmetric,Dynamic Infusion Pearl,5000 LSS,15,2.47,.047,,5000,70,83,63,38.599709938311825,71.49073995031087,66.74942770630516
VIP ExJ Sigma,Sigma™ Symmetric,Dynamic Infusion Pearl,5000 LSS,16,2.48,.041,,5000,70,83,63,40.900219276172564,67.0849674545554,59.44871008610783
Top Thrill - Purple/Red,Halogen V2 Symmetric,Turmoil XP Pearl,5500 LSP,12,2.65,.026,,9000,80,80,38,80.41595925297112,31.952461799660455,40.06871734228091
Top Thrill - Purple/Red,Halogen V2 Symmetric,Turmoil XP Pearl,5500 LSP,13,2.63,.024,,9000,80,80,38,77.04301075268815,34.62365591397851,39.68986612724782
Top Thrill - Purple/Red,Halogen V2 Symmetric,Turmoil XP Pearl,5500 LSP,14,2.61,.023,,9000,80,80,38,73.58234295415957,37.733446519524634,40.2934215658989
Top Thrill - Purple/Red,Halogen V2 Symmetric,Turmoil XP Pearl,5500 LSP,15,2.59,.023,,9000,80,80,38,70.03395585738538,41.281833616298826,42.12390343171591
Top Thrill - Purple/Red,Halogen V2 Symmetric,Turmoil XP Pearl,5500 LSP,16,2.58,.023,,9000,80,80,38,68.25976230899832,43.05602716468589,43.0289114409005
Ascent Pearl Pink/Purple,Recon,MOTIVator-Z,5500 Laser Scan Polished,12,2.62,.038,,9000,87,60,35,74.0407470288625,42.53820033955855,48.3835792223803
Ascent Pearl Pink/Purple,Recon,MOTIVator-Z,5500 Laser Scan Polished,13,2.62,.030,,9000,87,60,35,74.7425014148274,39.02942840973399,43.384844312251666
Ascent Pearl Pink/Purple,Recon,MOTIVator-Z,5500 Laser Scan Polished,14,2.61,.025,,9000,87,60,35,73.40690435766834,38.61063950198077,41.361981695990416
Ascent Pearl Pink/Purple,Recon,MOTIVator-Z,5500 Laser Scan Polished,15,2.59,.025,,9000,87,60,35,69.85851726089416,42.15902659875497,43.16120096513565
Ascent Pearl Pink/Purple,Recon,MOTIVator-Z,5500 Laser Scan Polished,16,2.59,.018,,9000,87,60,35,70.47255234861345,39.08885116015848,39.594351197189205
Blue Tank,Halogen V2 Symmetric,Frixion M3 Pearl MCP,1000 LSS,12,2.65,.026,,1000,38,40,50,61.27923004682914,28.12511595843206,45.166446315577296
Blue Tank,Halogen V2 Symmetric,Frixion M3 Pearl MCP,1000 LSS,13,2.63,.024,,1000,38,40,50,57.90628154654618,30.796310072750114,44.85533260969221
Blue Tank,Halogen V2 Symmetric,Frixion M3 Pearl MCP,1000 LSS,14,2.61,.023,,1000,38,40,50,54.44561374801759,33.906100678296234,45.47214404638429
Blue Tank,Halogen V2 Symmetric,Frixion M3 Pearl MCP,1000 LSS,15,2.59,.023,,1000,38,40,50,50.8972266512434,37.45448777507043,47.27905312990721
Blue Tank,Halogen V2 Symmetric,Frixion M3 Pearl MCP,1000 LSS,16,2.58,.023,,1000,38,40,50,49.12303310285634,39.228681323457494,48.16786959329392
Iron Forge,Detonator™ Symmetric,Infusion MVP Pearl,5000 LSP,12,2.62,.032,,9000,75,90,68,74.56706281833618,39.90662139219013,44.51224981111725
Iron Forge,Detonator™ Symmetric,Infusion MVP Pearl,5000 LSP,13,2.55,.045,,9000,75,90,68,61.007357102433474,58.02773061686477,56.492025141865966
Iron Forge,Detonator™ Symmetric,Infusion MVP Pearl,5000 LSP,14,2.49,.054,,9000,75,90,68,49.57272212790044,72.62026032823991,65.49833748389874
Iron Forge,Detonator™ Symmetric,Infusion MVP Pearl,5000 LSP,15,2.47,.055,,9000,75,90,68,45.93661573288063,76.60724391624217,67.52310617384397
Iron Forge,Detonator™ Symmetric,Infusion MVP Pearl,5000 LSP,16,2.47,.054,,9000,75,90,68,46.02433503112624,76.16864742501411,67.05923573140015
Pride,Dominion™ Asymmetric,Coercion UCS Solid,4000 LSS,12,2.63,.028,.007,4000,60,73,65,63.49289581877901,37.14359973611086,49.90522684610168
Pride,Dominion™ Asymmetric,Coercion UCS Solid,4000 LSS,13,2.56,.039,.009,4000,60,73,65,49.29781788855681,55.19832678914008,61.98630479909458
Pride,Dominion™ Asymmetric,Coercion UCS Solid,4000 LSS,14,2.52,.043,.011,4000,60,73,65,41.03935569121514,64.86029775841158,65.05974039082128
Pride,Dominion™ Asymmetric,Coercion UCS Solid,4000 LSS,15,2.50,.042,.010,4000,60,73,65,37.98409329809196,67.5646829585523,64.97446493186852
Pride,Dominion™ Asymmetric,Coercion UCS Solid,4000 LSS,16,2.49,.041,.010,4000,60,73,65,36.29761904795052,68.90028001571127,62.19110125404451
Trident Odyssey,Turbulent™ Asymmetric,Coercion FYS Solid,2000 LSS,12,2.64,.029,.009,2000,60,73,70,58.99441146077821,35.5439839302963,50.43398598945944
Trident Odyssey,Turbulent™ Asymmetric,Coercion FYS Solid,2000 LSS,13,2.57,.042,.013,2000,60,73,70,43.81308412325388,55.28671477659256,60.90031489299855
Trident Odyssey,Turbulent™ Asymmetric,Coercion FYS Solid,2000 LSS,14,2.51,.054,.017,2000,60,73,70,30.493669632362298,72.81665558327362,72.57104522293807
Trident Odyssey,Turbulent™ Asymmetric,Coercion FYS Solid,2000 LSS,15,2.49,.054,.017,2000,60,73,70,26.945282535588184,76.36504268004774,73.35120553287254
Trident Odyssey,Turbulent™ Asymmetric,Coercion FYS Solid,2000 LSS,16,2.49,.051,.016,2000,60,73,70,27.61384583573043,74.6438478009581,70.34603791504253
Purple Tank,Flux™ Symmetric,Purple Solid Urethane,1000 LSS,14,2.57,.018,,1000,40,47,31,47.78743604569728,38.80989241570428,46.50425590843252
Purple Tank,Flux™ Symmetric,Purple Solid Urethane,1000 LSS,15,2.57,.015,,1000,40,47,31,48.05059394043411,37.49410294202007,45.00152063640224
Purple Tank,Flux™ Symmetric,Purple Solid Urethane,1000 LSS,16,2.57,.013,,1000,40,47,31,48.226032536925345,36.616909959563934,43.98769345223255
Jackal Legacy,Predator™ V2 Asymmetric,Coercion MXC Solid,2000 LSS,12,2.64,.030,.010,2000,46,70,80,58.50128675712719,36.38798582692977,51.167369936736605
Jackal Legacy,Predator™ V2 Asymmetric,Coercion MXC Solid,2000 LSS,13,2.57,.040,.011,2000,46,70,80,44.79933353055592,53.59871098332561,64.75838716556093
Jackal Legacy,Predator™ V2 Asymmetric,Coercion MXC Solid,2000 LSS,14,2.51,.049,.014,2000,46,70,80,32.148482339806584,69.40745691091705,69.96223211738189
Jackal Legacy,Predator™ V2 Asymmetric,Coercion MXC Solid,2000 LSS,15,2.47,.054,.015,2000,46,70,80,24.2077062496248,79.10261896601111,74.98059171730958
Jackal Legacy,Predator™ V2 Asymmetric,Coercion MXC Solid,2000 LSS,16,2.48,.047,.013,2000,46,70,80,27.406745696541964,73.44743916821675,70.49522994074701
Revolt Uprising - LIMITED EDITION,Vanquish™ Symmetric,Helix MXC Solid,1000 LSS,12,2.63,.030,,1000,58,73,71,57.3799657570725,33.427889020118535,47.73833578273927
Revolt Uprising - LIMITED EDITION,Vanquish™ Symmetric,Helix MXC Solid,1000 LSS,13,2.56,.044,,1000,58,73,71,43.73254074292426,51.987594736021165,58.67081010015227
Revolt Uprising - LIMITED EDITION,Vanquish™ Symmetric,Helix MXC Solid,1000 LSS,14,2.50,.056,,1000,58,73,71,32.0347478736543,67.89591392108059,68.4876032948552
Revolt Uprising - LIMITED EDITION,Vanquish™ Symmetric,Helix MXC Solid,1000 LSS,15,2.47,.056,,1000,58,73,71,26.712167228493037,73.21849456624186,70.4226887180145
Revolt Uprising - LIMITED EDITION,Vanquish™ Symmetric,Helix MXC Solid,1000 LSS,16,2.46,.057,,1000,58,73,71,24.850254381860285,75.43128460585706,71.72849021374057
Mythic Jackal,Predator™ V2 Asymmetric,Infusion HV 2:1 Hybrid,5000 LSP,12,2.64,.030,.010,9000,70,85,74,74.23683445754756,39.535095367013845,45.157818682950015
Mythic Jackal,Predator™ V2 Asymmetric,Infusion HV 2:1 Hybrid,5000 LSP,13,2.57,.040,.011,9000,70,85,74,60.53488123097628,56.745820523409684,59.60460904444961
Mythic Jackal,Predator™ V2 Asymmetric,Infusion HV 2:1 Hybrid,5000 LSP,14,2.51,.049,.014,9000,70,85,74,47.88403004022695,72.55456645100112,65.91044659313874
Mythic Jackal,Predator™ V2 Asymmetric,Infusion HV 2:1 Hybrid,5000 LSP,15,2.47,.054,.015,9000,70,85,74,39.94325395004516,82.24972850609518,71.59420932193565
Mythic Jackal,Predator™ V2 Asymmetric,Infusion HV 2:1 Hybrid,5000 LSP,16,2.48,.047,.013,9000,70,85,74,43.14229339696234,76.59454870830082,66.50405481901093
Ripcord Velocity,Oblivion Symmetric,Infusion MVP Pearl,5500 LSP,12,2.65,.028,,9000,73,89,63,80.24052065647989,32.82965478211659,40.9934919136681
Ripcord Velocity,Oblivion Symmetric,Infusion MVP Pearl,5500 LSP,13,2.60,.038,,9000,73,89,63,70.4923599320883,46.08658743633275,49.93367659998841
Ripcord Velocity,Oblivion Symmetric,Infusion MVP Pearl,5500 LSP,14,2.54,.048,,9000,73,89,63,58.97000565930958,61.11771363893604,59.211625771895335
Ripcord Velocity,Oblivion Symmetric,Infusion MVP Pearl,5500 LSP,15,2.53,.047,,9000,73,89,63,57.283531409168056,62.4533106960951,59.423605478907355
Ripcord Velocity,Oblivion Symmetric,Infusion MVP Pearl,5500 LSP,16,2.53,.040,,9000,73,89,63,57.89756649688735,59.383135257498616,59.78247735632858
Supra Enzo,High Impulse™ Symmetric,Infusion Hybrid,5500 LSP,12,2.66,.045,,9000,80,87,58,80.5234861346916,38.51160158460665,47.527389048505604
Supra Enzo,High Impulse™ Symmetric,Infusion Hybrid,5500 LSP,13,2.62,.045,,9000,80,87,58,73.4267119411432,45.608375778155036,50.97968665014678
Supra Enzo,High Impulse™ Symmetric,Infusion Hybrid,5500 LSP,14,2.60,.048,,9000,80,87,58,69.61516694963217,50.47255234861345,54.37161580457949
Supra Enzo,High Impulse™ Symmetric,Infusion Hybrid,5500 LSP,15,2.57,.050,,9000,80,87,58,64.1171477079796,56.67232597623092,57.74675276121622
Supra Enzo,High Impulse™ Symmetric,Infusion Hybrid,5500 LSP,16,2.56,.047,,9000,80,87,58,62.606112054329394,57.13073005093378,56.871403091045536
Allegiant Sniper,Hollow Point™,TruShot Polythane,5500 LSP,12,2.75,.003,,90000,0,0,0,0,0,0
Allegiant Sniper,Hollow Point™,TruShot Polythane,5500 LSP,13,2.73,.006,,90000,0,0,0,0,0,0
Allegiant Sniper,Hollow Point™,TruShot Polythane,5500 LSP,14,2.69,.014,,90000,0,0,0,0,0,0
Allegiant Sniper,Hollow Point™,TruShot Polythane,5500 LSP,15,2.68,.010,,90000,0,0,0,0,0,0
Allegiant Sniper,Hollow Point™,TruShot Polythane,5500 LSP,16,2.67,.010,,90000,0,0,0,0,0,0
Trident Horizon,Sidewinder™ Asymmetric,Coercion MXC Hybrid,4000 LSS,12,2.63,.036,.010,4000,60,80,70,61.57492521659788,41.86858788215164,54.88002346483634
Trident Horizon,Sidewinder™ Asymmetric,Coercion MXC Hybrid,4000 LSS,13,2.56,.051,.015,4000,60,80,70,45.812753877177,62.89391711630936,68.29381281151505
Trident Horizon,Sidewinder™ Asymmetric,Coercion MXC Hybrid,4000 LSS,14,2.52,.049,.013,4000,60,80,70,39.70222909093064,68.3026875165908,69.19256943201187
Trident Horizon,Sidewinder™ Asymmetric,Coercion MXC Hybrid,4000 LSS,15,2.52,.049,.013,4000,60,80,70,39.70222909093064,68.3026875165908,69.19256943201187
Trident Horizon,Sidewinder™ Asymmetric,Coercion MXC Hybrid,4000 LSS,16,2.52,.049,.013,4000,60,80,70,39.70222909093064,68.3026875165908,69.19256943201187
Forge Flare,Detonator™ Symmetric,Coercion MXC Solid,2000 LSS,12,2.62,.032,,2000,53,70,73,58.83151511791582,36.75951185210606,50.3977232889907
Forge Flare,Detonator™ Symmetric,Coercion MXC Solid,2000 LSS,13,2.55,.045,,2000,53,70,73,45.27180940201311,54.8806210767807,61.13398977951545
Forge Flare,Detonator™ Symmetric,Coercion MXC Solid,2000 LSS,14,2.49,.054,,2000,53,70,73,33.83717442748007,69.47315078815583,69.03052790684976
Forge Flare,Detonator™ Symmetric,Coercion MXC Solid,2000 LSS,15,2.47,.055,,2000,53,70,73,30.201068032460267,73.4601343761581,70.84072259160541
Forge Flare,Detonator™ Symmetric,Coercion MXC Solid,2000 LSS,16,2.47,.054,,2000,53,70,73,30.28878733070588,73.02153788493004,70.44561812677408
Venom Recoil,Gear™ APG Asymmetric,Coercion MFS,4000 LSS,12,2.63,.020,.007,4000,53,65,55,64.19465020474392,33.6348278062863,45.9997633305967
Venom Recoil,Gear™ APG Asymmetric,Coercion MFS,4000 LSS,13,2.56,.028,.009,4000,53,65,55,50.26273016925856,50.373765385631316,55.4386973048768
Venom Recoil,Gear™ APG Asymmetric,Coercion MFS,4000 LSS,14,2.50,.033,.012,4000,53,65,55,37.96275617149168,64.42812534831046,63.360670136436845
Venom Recoil,Gear™ APG Asymmetric,Coercion MFS,4000 LSS,15,2.47,.036,.013,4000,53,65,55,31.971612226188178,71.47190087256135,67.3174183172982
Venom Recoil,Gear™ APG Asymmetric,Coercion MFS,4000 LSS,16,2.48,.032,.011,4000,53,65,55,34.9074937783685,67.1325105484512,64.21929551245623
Jackal Flash,Predator™ V2 Asymmetric,Infusion HV Pearl,5000 LSP,14,2.51,.049,.014,9000,80,87,70,47.88403004022695,72.55456645100112,65.91044659313874
Jackal Flash,Predator™ V2 Asymmetric,Infusion HV Pearl,5000 LSP,15,2.47,.054,.015,9000,80,87,70,39.94325395004516,82.24972850609518,71.59420932193565
Jackal Flash,Predator™ V2 Asymmetric,Infusion HV Pearl,5000 LSP,16,2.48,.047,.013,9000,80,87,70,43.14229339696234,76.59454870830082,66.50405481901093
Octane Carbon,Injector,Agitator MXR Pearl,5500 LSP,12,2.61,.048,,9000,80,84,55,71.38936049801923,48.69835880022639,53.6430911125225
Octane Carbon,Injector,Agitator MXR Pearl,5500 LSP,13,2.60,.042,,9000,80,84,55,70.14148273910584,47.84097340124503,49.89901317363378
Octane Carbon,Injector,Agitator MXR Pearl,5500 LSP,14,2.58,.043,,9000,80,84,55,66.50537634408605,51.82795698924729,52.56045431350062
Octane Carbon,Injector,Agitator MXR Pearl,5500 LSP,15,2.56,.042,,9000,80,84,55,63.04470854555746,54.93774759479342,53.05599173300989
Octane Carbon,Injector,Agitator MXR Pearl,5500 LSP,16,2.56,.039,,9000,80,84,55,63.307866440294305,53.621958121109216,54.218970619290005
Forge Fire,Detonator™ Symmetric,Infusion Hybrid,4000 LSS,12,2.62,.032,,4000,73,83,65,64.20566291524733,37.83434141157236,50.553268684937905
Forge Fire,Detonator™ Symmetric,Infusion Hybrid,4000 LSS,13,2.55,.045,,4000,73,83,65,50.64595719934463,55.955450636246994,61.315614452262146
Forge Fire,Detonator™ Symmetric,Infusion Hybrid,4000 LSS,14,2.49,.054,,4000,73,83,65,39.21132222481159,70.54798034762214,69.03320824907318
Forge Fire,Detonator™ Symmetric,Infusion Hybrid,4000 LSS,15,2.47,.055,,4000,73,83,65,35.57521582979178,74.5349639356244,70.73098609217301
Forge Fire,Detonator™ Symmetric,Infusion Hybrid,4000 LSS,16,2.47,.054,,4000,73,83,65,35.66293512803739,74.09636744439634,70.31590105629505
VIP Affliction - LIMITED EDITION,Affliction™ Symmetric,Infusion HV Hybrid,4000 LSS,14,2.52,.052,,4000,73,86,73,44.709341466464075,64.34820672000474,67.06158389696047
VIP Affliction - LIMITED EDITION,Affliction™ Symmetric,Infusion HV Hybrid,4000 LSS,15,2.50,.052,,4000,73,86,73,41.16095436968988,67.89659381677893,67.76393480809041
VIP Affliction - LIMITED EDITION,Affliction™ Symmetric,Infusion HV Hybrid,4000 LSS,16,2.49,.052,,4000,73,86,73,39.38676082130282,69.67078736516599,68.18530502731652
Tag Cannon,Halogen™,Agility SFP,5500 LSP,12,2.64,.031,,9000,78,80,42,78.203169213356,35.919637804187865,42.8935374210635
Tag Cannon,Halogen™,Agility SFP,5500 LSP,13,2.59,.038,,9000,78,80,42,68.71816638370117,47.86078098471988,50.738892173707214
Tag Cannon,Halogen™,Agility SFP,5500 LSP,14,2.56,.038,,9000,78,80,42,63.39558573853992,53.18336162988114,53.13800509348661
Tag Cannon,Halogen™,Agility SFP,5500 LSP,15,2.55,.037,,9000,78,80,42,61.709111488398385,54.51895868704021,53.145262242909
Tag Cannon,Halogen™,Agility SFP,5500 LSP,16,2.54,.036,,9000,78,80,42,60.02263723825695,55.85455574419919,53.24800959478452
Ripcord Flight,Oblivion Symmetric,Turmoil Max Solid,3000 LSS,12,2.65,.028,,3000,60,83,63,67.34761650339755,30.251073951500125,47.48774488969201
Ripcord Flight,Oblivion Symmetric,Turmoil Max Solid,3000 LSS,13,2.60,.038,,3000,60,83,63,57.59945577900596,43.508006605716275,55.812244040963606
Ripcord Flight,Oblivion Symmetric,Turmoil Max Solid,3000 LSS,14,2.54,.048,,3000,60,83,63,46.07710150622722,58.53913280831957,63.93650892478812
Ripcord Flight,Oblivion Symmetric,Turmoil Max Solid,3000 LSS,15,2.53,.047,,3000,60,83,63,44.3906272560857,59.87472986547863,64.11124294450539
Ripcord Flight,Oblivion Symmetric,Turmoil Max Solid,3000 LSS,16,2.53,.040,,3000,60,83,63,45.004662343804995,56.80455442688214,64.95120003377193
Thrill - Pink/Yellow Pearl,Flux™ Symmetric,Agility XP,5500 LSP,12,2.65,.012,,9000,87,73,40,81.64402942840971,25.812110922467475,34.009762268803144
Thrill - Pink/Yellow Pearl,Flux™ Symmetric,Agility XP,5500 LSP,13,2.58,.020,,9000,87,73,40,68.52292020373517,41.74023769100168,41.520444502967585
Thrill - Pink/Yellow Pearl,Flux™ Symmetric,Agility XP,5500 LSP,14,2.57,.018,,9000,87,73,40,66.92416525183926,42.637238256932676,41.35064764495655
Thrill - Pink/Yellow Pearl,Flux™ Symmetric,Agility XP,5500 LSP,15,2.57,.015,,9000,87,73,40,67.18732314657609,41.321448783248464,39.896061029249466
Thrill - Pink/Yellow Pearl,Flux™ Symmetric,Agility XP,5500 LSP,16,2.57,.013,,9000,87,73,40,67.36276174306732,40.44425580079233,38.941989472990876
VIP - ExJ - LIMITED EDITION,Quadfire™,Infusion Pearl,5000 LSP,12,2.59,.050,,9000,80,88,60,67.6655348047538,53.12393887945673,56.23053546969661
VIP - ExJ - LIMITED EDITION,Quadfire™,Infusion Pearl,5000 LSP,13,2.58,.047,,9000,80,88,60,66.15449915110358,53.58234295415957,55.24095352761168
VIP - ExJ - LIMITED EDITION,Quadfire™,Infusion Pearl,5000 LSP,14,2.56,.043,,9000,80,88,60,62.956989247311846,55.37634408602149,54.17426326236534
VIP - ExJ - LIMITED EDITION,Quadfire™,Infusion Pearl,5000 LSP,15,2.55,.043,,9000,80,88,60,61.1827956989247,57.15053763440863,55.0084546919351
VIP - ExJ - LIMITED EDITION,Quadfire™,Infusion Pearl,5000 LSP,16,2.54,.040,,9000,80,88,60,59.67176004527449,57.60894170911148,58.96600790552473
Alpha Jackal,Predator™ V2 Asymmetric,Coercion HV3 Solid,2000 LSS,14,2.51,.049,.014,2000,47,78,80,32.148482339806584,69.40745691091705,69.96223211738189
Alpha Jackal,Predator™ V2 Asymmetric,Coercion HV3 Solid,2000 LSS,15,2.47,.054,.015,2000,47,78,80,24.2077062496248,79.10261896601111,74.98059171730958
Alpha Jackal,Predator™ V2 Asymmetric,Coercion HV3 Solid,2000 LSS,16,2.48,.047,.013,2000,47,78,80,27.406745696541964,73.44743916821675,70.49522994074701
Tank Blitz,Gear™ Symmetric,Frixion+ Microcell Polymer,2000 LSS,14,2.52,.029,,2000,47,60,50,41.35273752878168,53.18565786229283,56.51035573246549
Tank Blitz,Gear™ Symmetric,Frixion+ Microcell Polymer,2000 LSS,15,2.48,.034,,2000,47,60,50,33.817366844005214,62.47541451198157,62.5412998000242
Tank Blitz,Gear™ Symmetric,Frixion+ Microcell Polymer,2000 LSS,16,2.48,.031,,2000,47,60,50,34.08052473874206,61.159625038297364,61.28989460768141
Supra,High Impulse™ Symmetric,Infusion Pearl,5500 LSP,12,2.66,.045,,9000,83,89,55,80.5234861346916,38.51160158460665,47.527389048505604
Supra,High Impulse™ Symmetric,Infusion Pearl,5500 LSP,13,2.62,.045,,9000,83,89,55,73.4267119411432,45.608375778155036,50.97968665014678
Supra,High Impulse™ Symmetric,Infusion Pearl,5500 LSP,14,2.60,.048,,9000,83,89,55,69.61516694963217,50.47255234861345,54.37161580457949
Supra,High Impulse™ Symmetric,Infusion Pearl,5500 LSP,15,2.57,.050,,9000,83,89,55,64.1171477079796,56.67232597623092,57.74675276121622
Supra,High Impulse™ Symmetric,Infusion Pearl,5500 LSP,16,2.56,.047,,9000,83,89,55,62.606112054329394,57.13073005093378,56.871403091045536
Rogue Assassin,Sigma™,Coercion HFS,3000 LSS,12,2.63,.024,,3000,60,73,65,64.1501065996058,32.045075083362036,46.34703172908105
Rogue Assassin,Sigma™,Coercion HFS,3000 LSS,13,2.56,.034,,3000,60,73,65,50.85355877844002,48.85039483435239,56.33026702851619
Rogue Assassin,Sigma™,Coercion HFS,3000 LSS,14,2.50,.044,,3000,60,73,65,39.33120450566129,63.881521036955675,64.21295961191281
Rogue Assassin,Sigma™,Coercion HFS,3000 LSS,15,2.47,.047,,3000,60,73,65,33.745465965763195,70.51989115580115,67.68206280126647
Rogue Assassin,Sigma™,Coercion HFS,3000 LSS,16,2.48,.041,,3000,60,73,65,36.04597530362393,66.11411866004568,60.50304389642178
Ripcord,Oblivion™,Infusion,5000 LSP,12,2.65,.028,,9000,77,88,58,80.24052065647989,32.82965478211659,40.9934919136681
Ripcord,Oblivion™,Infusion,5000 LSP,13,2.60,.038,,9000,77,88,58,70.4923599320883,46.08658743633275,49.93367659998841
Ripcord,Oblivion™,Infusion,5000 LSP,14,2.54,.048,,9000,77,88,58,58.97000565930958,61.11771363893604,59.211625771895335
Ripcord,Oblivion™,Infusion,5000 LSP,15,2.53,.047,,9000,77,88,58,57.283531409168056,62.4533106960951,59.423605478907355
Ripcord,Oblivion™,Infusion,5000 LSP,16,2.53,.040,,9000,77,88,58,57.89756649688735,59.383135257498616,59.78247735632858
Midnight Sniper,Hollow-Point,TruShot Polythane,5500 LSP,12,2.75,.003,,90000,0,0,0,0,0,0
Midnight Sniper,Hollow-Point,TruShot Polythane,5500 LSP,13,2.73,.006,,90000,0,0,0,0,0,0
Midnight Sniper,Hollow-Point,TruShot Polythane,5500 LSP,14,2.69,.014,,90000,0,0,0,0,0,0
Midnight Sniper,Hollow-Point,TruShot Polythane,5500 LSP,15,2.68,.010,,90000,0,0,0,0,0,0
Midnight Sniper,Hollow-Point,TruShot Polythane,5500 LSP,16,2.67,.010,,90000,0,0,0,0,0,0
Hyper Sniper,Hollow-Point,TruShot Polythane,5500 Laser Scan Polished,12,2.75,.003,,90000,0,0,0,0,0,0
Hyper Sniper,Hollow-Point,TruShot Polythane,5500 Laser Scan Polished,13,2.73,.006,,90000,0,0,0,0,0,0
Hyper Sniper,Hollow-Point,TruShot Polythane,5500 Laser Scan Polished,14,2.69,.014,,90000,0,0,0,0,0,0
Hyper Sniper,Hollow-Point,TruShot Polythane,5500 Laser Scan Polished,15,2.68,.010,,90000,0,0,0,0,0,0
Hyper Sniper,Hollow-Point,TruShot Polythane,5500 Laser Scan Polished,16,2.67,.010,,90000,0,0,0,0,0,0
Thrill - Blue/Purple Pearl,Flux™ Symmetric,Agility XP,5500 LSP,12,2.65,.012,,9000,87,73,40,81.64402942840971,25.812110922467475,34.009762268803144
Thrill - Blue/Purple Pearl,Flux™ Symmetric,Agility XP,5500 LSP,13,2.58,.020,,9000,87,73,40,68.52292020373517,41.74023769100168,41.520444502967585
Thrill - Blue/Purple Pearl,Flux™ Symmetric,Agility XP,5500 LSP,14,2.57,.018,,9000,87,73,40,66.92416525183926,42.637238256932676,41.35064764495655
Thrill - Blue/Purple Pearl,Flux™ Symmetric,Agility XP,5500 LSP,15,2.57,.015,,9000,87,73,40,67.18732314657609,41.321448783248464,39.896061029249466
Thrill - Blue/Purple Pearl,Flux™ Symmetric,Agility XP,5500 LSP,16,2.57,.013,,9000,87,73,40,67.36276174306732,40.44425580079233,38.941989472990876
Thrill - Magenta/Wine Pearl,Flux™ Symmetic,Agility XP,5500 LSP,12,2.65,.012,,9000,87,73,40,81.64402942840971,25.812110922467475,34.009762268803144
Thrill - Magenta/Wine Pearl,Flux™ Symmetic,Agility XP,5500 LSP,13,2.58,.020,,9000,87,73,40,68.52292020373517,41.74023769100168,41.520444502967585
Thrill - Magenta/Wine Pearl,Flux™ Symmetic,Agility XP,5500 LSP,14,2.57,.018,,9000,87,73,40,66.92416525183926,42.637238256932676,41.35064764495655
Thrill - Magenta/Wine Pearl,Flux™ Symmetic,Agility XP,5500 LSP,15,2.57,.015,,9000,87,73,40,67.18732314657609,41.321448783248464,39.896061029249466
Thrill - Magenta/Wine Pearl,Flux™ Symmetic,Agility XP,5500 LSP,16,2.57,.013,,9000,87,73,40,67.36276174306732,40.44425580079233,38.941989472990876
Covert Tank,Torx™,Frixion Microcell Polymer,2000 LSS,14,2.53,.047,,2000,53,60,38,41.54798370874769,59.30620115601103,63.77496271351825
Covert Tank,Torx™,Frixion Microcell Polymer,2000 LSS,15,2.50,.051,,2000,53,60,38,35.874525870603975,66.38316776608457,67.30799520286652
Covert Tank,Torx™,Frixion Microcell Polymer,2000 LSS,16,2.50,.046,,2000,53,60,38,36.31312236183204,64.19018530994421,65.07593353372003
Golden Jackal,Predator™ V3,Hexion SE Pearl,4000 LSS,14,2.50,.052,.018,4000,73,87,68,33.863657072392584,75.19389111407624,72.4963466500882
Golden Jackal,Predator™ V3,Hexion SE Pearl,4000 LSS,15,2.47,.055,.019,4000,73,87,68,27.872513127089075,82.23766663832711,75.78869395587726
Golden Jackal,Predator™ V3,Hexion SE Pearl,4000 LSS,16,2.47,.053,.018,4000,73,87,68,28.45335712898571,80.95506825046556,74.63152691870681
Forge,Detonator™ Symmetric,Coercion HFS,3000 LSS,12,2.62,.032,,3000,53,73,70,61.674158665253834,37.32804056157366,50.816962871113404
Forge,Detonator™ Symmetric,Coercion HFS,3000 LSS,13,2.55,.045,,3000,53,73,70,48.114452949351126,55.4491497862483,61.52352146747409
Forge,Detonator™ Symmetric,Coercion HFS,3000 LSS,14,2.49,.054,,3000,53,73,70,36.679817974818086,70.04167949762343,69.27226000113488
Forge,Detonator™ Symmetric,Coercion HFS,3000 LSS,15,2.47,.055,,3000,53,73,70,33.043711579798284,74.02866308562571,71.00581278440832
Forge,Detonator™ Symmetric,Coercion HFS,3000 LSS,16,2.47,.054,,3000,53,73,70,33.13143087804389,73.59006659439764,70.6014602338332
T10 - Limited Edition,Thrust™,Coercion MFS,3000 LSS,14,2.57,.048,,3000,60,77,65,51.39968215138848,53.21655216315832,61.61682057585459
T10 - Limited Edition,Thrust™,Coercion MFS,3000 LSS,15,2.54,.052,,3000,60,77,65,45.72622431324477,60.29351877323185,66.00027673460922
T10 - Limited Edition,Thrust™,Coercion MFS,3000 LSS,16,2.53,.048,,3000,60,77,65,44.302907957840084,60.3133263567067,64.64562276249866
Villain Scorn,Sinister,Hexion SE,5000 LSP,12,2.64,.036,.013,9000,80,86,65,72.49430245185765,43.38289053059848,49.273904946887455
Villain Scorn,Sinister,Hexion SE,5000 LSP,13,2.58,.052,.018,9000,80,86,65,58.41860536257822,63.07262270759722,62.79992407271203
Villain Scorn,Sinister,Hexion SE,5000 LSP,14,2.55,.052,.018,9000,80,86,65,53.09602471741688,68.39520335275856,65.36600511380435
Villain Scorn,Sinister,Hexion SE,5000 LSP,15,2.54,.051,.018,9000,80,86,65,51.40955046727544,69.73080040991755,65.69914138355374
Villain Scorn,Sinister,Hexion SE,5000 LSP,16,2.53,.050,.018,9000,80,86,65,49.723076217133915,71.06639746707661,65.9350908684683
Trident Abyss,Turbulent™,Coercion HV3,2000 LSS,14,2.51,.054,.017,2000,40,80,80,30.493669632362298,72.81665558327362,72.57104522293807
Trident Abyss,Turbulent™,Coercion HV3,2000 LSS,15,2.49,.054,.017,2000,40,80,80,26.945282535588184,76.36504268004774,73.35120553287254
Trident Abyss,Turbulent™,Coercion HV3,2000 LSS,16,2.49,.051,.016,2000,40,80,80,27.61384583573043,74.6438478009581,70.34603791504253
Rogue Blade,Sigma,Hexion SE,4000 LSS,12,2.63,.024,,4000,67,87,63,66.68161084959931,32.551375933360745,46.01263119745484
Rogue Blade,Sigma,Hexion SE,4000 LSS,13,2.56,.034,,4000,67,87,63,53.38506302843352,49.35669568435109,56.01744363277753
Rogue Blade,Sigma,Hexion SE,4000 LSS,14,2.50,.044,,4000,67,87,63,41.86270875565479,64.38782188695437,63.88410409057515
Rogue Blade,Sigma,Hexion SE,4000 LSS,15,2.47,.047,,4000,67,87,63,36.27697021575669,71.02619200579984,67.31791232121581
Rogue Blade,Sigma,Hexion SE,4000 LSS,16,2.48,.041,,4000,67,87,63,38.57747955361744,66.62041951004437,60.09290801869672
Hydra,Halogen,Hexion LFP Cover Stock,5000 LSP,12,2.64,.031,,9000,80,78,42,78.203169213356,35.919637804187865,42.8935374210635
Hydra,Halogen,Hexion LFP Cover Stock,5000 LSP,13,2.59,.038,,9000,80,78,42,68.71816638370117,47.86078098471988,50.738892173707214
Hydra,Halogen,Hexion LFP Cover Stock,5000 LSP,14,2.56,.038,,9000,80,78,42,63.39558573853992,53.18336162988114,53.13800509348661
Hydra,Halogen,Hexion LFP Cover Stock,5000 LSP,15,2.55,.037,,9000,80,78,42,61.709111488398385,54.51895868704021,53.145262242909
Hydra,Halogen,Hexion LFP Cover Stock,5000 LSP,16,2.54,.036,,9000,80,78,42,60.02263723825695,55.85455574419919,53.24800959478452
Freestyle Rush,Recon,Agility LFP,5500 LSP,12,2.62,.038,,9000,80,77,43,74.0407470288625,42.53820033955855,48.3835792223803
Freestyle Rush,Recon,Agility LFP,5500 LSP,13,2.62,.030,,9000,80,77,43,74.7425014148274,39.02942840973399,43.384844312251666
Freestyle Rush,Recon,Agility LFP,5500 LSP,14,2.62,.030,,9000,80,77,43,74.7425014148274,39.02942840973399,43.384844312251666
Freestyle Rush,Recon,Agility LFP,5500 LSP,15,2.60,.030,,9000,80,77,43,71.19411431805321,42.57781550650819,44.947897420392295
Freestyle Rush,Recon,Agility LFP,5500 LSP,16,2.60,.026,,9000,80,77,43,71.54499151103568,40.8234295415959,42.76765977629613
Combat Tank,Recon™,Alchemy Hybrid,3000 LSS,14,2.61,.025,,3000,53,47,25,60.51400020458599,36.032058671364304,47.94566537665632
Combat Tank,Recon™,Alchemy Hybrid,3000 LSS,15,2.59,.025,,3000,53,47,25,56.9656131078118,39.5804457681385,49.65004728395388
Combat Tank,Recon™,Alchemy Hybrid,3000 LSS,16,2.59,.018,,3000,53,47,25,57.57964819553109,36.51027032954201,46.23568058100482
Villain,Sinister™,Coercion MFS,3000 LSS,12,2.64,.036,.013,3000,60,80,68,59.6013982987753,40.804309699982014,55.36088097806312
Villain,Sinister™,Coercion MFS,3000 LSS,13,2.58,.052,.018,3000,60,80,68,45.525701209495864,60.494041876980745,67.61335744812847
Villain,Sinister™,Coercion MFS,3000 LSS,14,2.55,.052,.018,3000,60,80,68,40.20312056433453,65.81662252214208,69.92591948435573
Villain,Sinister™,Coercion MFS,3000 LSS,15,2.54,.051,.018,3000,60,80,68,38.51664631419309,67.15221957930108,70.22357473705208
Villain,Sinister™,Coercion MFS,3000 LSS,16,2.53,.050,.018,3000,60,80,68,36.83017206405157,68.48781663646014,70.41960742880387
Venom Shock Pearl,Top Gear™,Hexion MFP Pearl,5500 LSP,12,2.63,.027,,9000,80,88,55,76.77985285795131,35.93944538766272,41.237362797439616
Venom Shock Pearl,Top Gear™,Hexion MFP Pearl,5500 LSP,13,2.57,.024,,9000,80,88,55,66.39784946236557,45.2688172043011,44.35192136879725
Venom Shock Pearl,Top Gear™,Hexion MFP Pearl,5500 LSP,14,2.50,.039,,9000,80,88,55,52.662705149971714,64.26711941143179,59.182023685152146
Venom Shock Pearl,Top Gear™,Hexion MFP Pearl,5500 LSP,15,2.47,.035,,9000,80,88,55,47.691001697792906,67.83531409168077,58.867818920023566
Venom Shock Pearl,Top Gear™,Hexion MFP Pearl,5500 LSP,16,2.47,.031,,9000,80,88,55,48.041878890775365,66.0809281267685,56.91093791571509
Jackal Rising,Predator™ V3,Coercion HV2,2000 Laser Scan Sanded,14,2.50,.052,.018,2000,40,73,78,28.489509275061064,74.11906155460993,72.46873437711636
Jackal Rising,Predator™ V3,Coercion HV2,2000 Laser Scan Sanded,15,2.47,.055,.019,2000,40,73,78,22.498365329757565,81.1628370788608,75.89843045530966
Jackal Rising,Predator™ V3,Coercion HV2,2000 Laser Scan Sanded,16,2.47,.053,.018,2000,40,73,78,23.079209331654198,79.88023869099926,74.78181899546537
Lethal Paranoia,Oblivion™,Hexion Hybrid,5500 Laser Scan Polished,12,2.65,.028,,9000,80,86,58,80.24052065647989,32.82965478211659,40.9934919136681
Lethal Paranoia,Oblivion™,Hexion Hybrid,5500 Laser Scan Polished,13,2.60,.038,,9000,80,86,58,70.4923599320883,46.08658743633275,49.93367659998841
Lethal Paranoia,Oblivion™,Hexion Hybrid,5500 Laser Scan Polished,14,2.54,.048,,9000,80,86,58,58.97000565930958,61.11771363893604,59.211625771895335
Lethal Paranoia,Oblivion™,Hexion Hybrid,5500 Laser Scan Polished,15,2.53,.047,,9000,80,86,58,57.283531409168056,62.4533106960951,59.423605478907355
Lethal Paranoia,Oblivion™,Hexion Hybrid,5500 Laser Scan Polished,16,2.53,.040,,9000,80,86,58,57.89756649688735,59.383135257498616,59.78247735632858
Trident Quest,Turbulent™,Hexion,5000 LSP,14,2.51,.054,.017,9000,73,85,65,46.22921733278267,75.96376512335769,68.89273426088126
Trident Quest,Turbulent™,Hexion,5000 LSP,15,2.49,.054,.017,9000,73,85,65,42.680830236008546,79.51215222013181,69.81901510992151
Trident Quest,Turbulent™,Hexion,5000 LSP,16,2.49,.051,.016,9000,73,85,65,43.3493935361508,77.79095734104217,66.59476364838117
Forza SS,Sigma,Helix HFS,3000 LSS,12,2.63,.024,,3000,53,73,65,64.1501065996058,32.045075083362036,46.34703172908105
Forza SS,Sigma,Helix HFS,3000 LSS,13,2.56,.034,,3000,53,73,65,50.85355877844002,48.85039483435239,56.33026702851619
Forza SS,Sigma,Helix HFS,3000 LSS,14,2.50,.044,,3000,53,73,65,39.33120450566129,63.881521036955675,64.21295961191281
Forza SS,Sigma,Helix HFS,3000 LSS,15,2.47,.047,,3000,53,73,65,33.745465965763195,70.51989115580115,67.68206280126647
Forza SS,Sigma,Helix HFS,3000 LSS,16,2.48,.041,,3000,53,73,65,36.04597530362393,66.11411866004568,60.50304389642178
Arctic Sniper,Hollowpoint,DMX Urethane,5500 Laser Scan Polished,12,2.75,.003,,9000,0.0,0.0,0.0,100.17543859649123,4.12280701754386,24.07874919087725
Arctic Sniper,Hollowpoint,DMX Urethane,5500 Laser Scan Polished,13,2.73,.006,,9000,0.0,0.0,0.0,96.36389360498019,8.986983588002266,26.209956575293823
Arctic Sniper,Hollowpoint,DMX Urethane,5500 Laser Scan Polished,14,2.69,.014,,9000,0.0,0.0,0.0,88.56536502546689,19.59252971137522,31.873010655727537
Arctic Sniper,Hollowpoint,DMX Urethane,5500 Laser Scan Polished,15,2.68,.010,,9000,0.0,0.0,0.0,87.1420486700623,19.612337294849997,31.256555210213257
Arctic Sniper,Hollowpoint,DMX Urethane,5500 Laser Scan Polished,16,2.67,.010,,9000,0.0,0.0,0.0,85.36785512167515,21.386530843237132,32.25008441284226
Primal Rage 5 YR LE,Impulse™ V2,Fusion HX,5000 LSP,12,2.67,.040,,9000,73,87,65,82.73627617430672,34.54442558007924,48.92232873913246
Primal Rage 5 YR LE,Impulse™ V2,Fusion HX,5000 LSP,13,2.60,.055,,9000,73,87,65,69.00113186191287,53.54272778720994,58.3627448818044
Primal Rage 5 YR LE,Impulse™ V2,Fusion HX,5000 LSP,14,2.56,.054,,9000,73,87,65,61.99207696661009,60.200905489530264,60.82029561880446
Primal Rage 5 YR LE,Impulse™ V2,Fusion HX,5000 LSP,15,2.55,.050,,9000,73,87,65,60.568760611205406,60.22071307300513,59.4973584866109
Primal Rage 5 YR LE,Impulse™ V2,Fusion HX,5000 LSP,16,2.54,.049,,9000,73,87,65,58.88228636106396,61.55631013016411,59.80383961858319
Freestyle,Recon,Turmoil LFP,5500 LSP,12,2.62,.038,,9000,80,73,40,74.0407470288625,42.53820033955855,48.3835792223803
Freestyle,Recon,Turmoil LFP,5500 LSP,13,2.62,.030,,9000,80,73,40,74.7425014148274,39.02942840973399,43.384844312251666
Freestyle,Recon,Turmoil LFP,5500 LSP,14,2.61,.025,,9000,80,73,40,73.40690435766834,38.61063950198077,41.361981695990416
Freestyle,Recon,Turmoil LFP,5500 LSP,15,2.59,.025,,9000,80,73,40,69.85851726089416,42.15902659875497,43.16120096513565
Freestyle,Recon,Turmoil LFP,5500 LSP,16,2.59,.018,,9000,80,73,40,70.47255234861345,39.08885116015848,39.594351197189205
Freestyle Pink/Black,Recon,Turmoil LFP,5500 Laser Scan Polished,12,2.62,.038,,9000,17,16,49,74.0407470288625,42.53820033955855,48.3835792223803
Freestyle Pink/Black,Recon,Turmoil LFP,5500 Laser Scan Polished,13,2.62,.030,,9000,17,16,49,74.7425014148274,39.02942840973399,43.384844312251666
Freestyle Pink/Black,Recon,Turmoil LFP,5500 Laser Scan Polished,14,2.61,.025,,9000,17,16,49,73.40690435766834,38.61063950198077,41.361981695990416
Freestyle Pink/Black,Recon,Turmoil LFP,5500 Laser Scan Polished,15,2.59,.025,,9000,17,16,49,69.85851726089416,42.15902659875497,43.16120096513565
Freestyle Pink/Black,Recon,Turmoil LFP,5500 Laser Scan Polished,16,2.59,.018,,9000,17,16,49,70.47255234861345,39.08885116015848,39.594351197189205
Tank Rampage,Gear V2,Alchemy Urethane,3000 LSS,14,2.56,.020,,3000,47,40,30,52.081628953878614,42.710043957159414,49.42768298105148
Tank Rampage,Gear V2,Alchemy Urethane,3000 LSS,15,2.55,.020,,3000,47,40,30,50.307435405491475,44.484237505546545,49.96275360621921
Tank Rampage,Gear V2,Alchemy Urethane,3000 LSS,16,2.54,.020,,3000,47,40,30,48.533241857104414,46.258431053933606,50.516009116034915
Tank,Gear,Ballstix Solid Urethane,3000 Laser Scan Sanded,14,2.52,.029,,3000,53,40,25,44.195381076119695,53.75418657176043,56.628369230072444
Tank,Gear,Ballstix Solid Urethane,3000 Laser Scan Sanded,15,2.48,.034,,3000,53,40,25,36.66001039134323,63.043943221449176,62.52512850727009
Tank,Gear,Ballstix Solid Urethane,3000 Laser Scan Sanded,16,2.48,.031,,3000,53,40,25,36.92316828608007,61.728153747764964,61.24963757853731
United Revolt,Vanquish,Helix HFP,5000 LSP,12,2.63,.030,,9000,67,87,63,76.51669496321446,37.255234861346935,42.82505953299966
United Revolt,Vanquish,Helix HFP,5000 LSP,13,2.56,.044,,9000,67,87,63,62.869269949066236,55.81494057724956,54.96153428570222
United Revolt,Vanquish,Helix HFP,5000 LSP,14,2.50,.056,,9000,67,87,63,51.171477079796276,71.72325976230898,65.96211495244205
United Revolt,Vanquish,Helix HFP,5000 LSP,15,2.47,.056,,9000,67,87,63,45.848896434635016,77.04584040747025,67.98376814392522
United Revolt,Vanquish,Helix HFP,5000 LSP,16,2.46,.057,,9000,67,87,63,43.98698358800226,79.25863044708547,69.38639568020606
Chronic Paranoia,Oblivion,Agitator Solid,4000 LSS,12,2.65,.028,,4000,67,80,58,69.87912075339104,30.757374801498823,47.184530770067305
Chronic Paranoia,Oblivion,Agitator Solid,4000 LSS,13,2.60,.038,,4000,67,80,58,60.13096002899946,44.01430745571498,55.59906969312612
Chronic Paranoia,Oblivion,Agitator Solid,4000 LSS,14,2.54,.048,,4000,67,80,58,48.608605756220726,59.04543365831827,63.74307777622187
Chronic Paranoia,Oblivion,Agitator Solid,4000 LSS,15,2.53,.047,,4000,67,80,58,46.922131506079204,60.38103071547734,63.885112215367876
Chronic Paranoia,Oblivion,Agitator Solid,4000 LSS,16,2.53,.040,,4000,67,80,58,47.5361665937985,57.310855276880844,64.64454948202518
Primal Fear,Impulse V2,Voracity Pearl,5500 LSP,12,2.67,.040,,9000,67,86,65,82.73627617430672,34.54442558007924,48.92232873913246
Primal Fear,Impulse V2,Voracity Pearl,5500 LSP,13,2.60,.055,,9000,67,86,65,69.00113186191287,53.54272778720994,58.3627448818044
Primal Fear,Impulse V2,Voracity Pearl,5500 LSP,14,2.56,.054,,9000,67,86,65,61.99207696661009,60.200905489530264,60.82029561880446
Primal Fear,Impulse V2,Voracity Pearl,5500 LSP,15,2.55,.050,,9000,67,86,65,60.568760611205406,60.22071307300513,59.4973584866109
Primal Fear,Impulse V2,Voracity Pearl,5500 LSP,16,2.54,.049,,9000,67,86,65,58.88228636106396,61.55631013016411,59.80383961858319
Trident,Turbulent,Coercion HVH,3000 LSS,14,2.51,.054,.017,3000,53,73,73,33.33631317970031,73.38518429274123,72.89885139315581
Trident,Turbulent,Coercion HVH,3000 LSS,15,2.49,.054,.017,3000,53,73,73,29.787926082926198,76.93357138951532,73.59293762715767
Trident,Turbulent,Coercion HVH,3000 LSS,16,2.49,.051,.016,3000,53,73,73,30.456489383068444,75.21237651042571,70.5575779089425
Forza GT,Torx,Helix HR,4000 LSS,12,2.63,.030,,4000,60,73,63,66.15529506012562,35.18295488072916,48.96432687102624
Forza GT,Torx,Helix HR,4000 LSS,13,2.57,.038,,4000,60,73,63,54.80837938383812,49.33688810087631,57.77714738217742
Forza GT,Torx,Helix HR,4000 LSS,14,2.53,.047,,4000,60,73,63,46.922131506079204,60.38103071547734,63.885112215367876
Forza GT,Torx,Helix HR,4000 LSS,15,2.50,.051,,4000,60,73,63,41.24867366793549,67.45799732555086,67.31402628592106
Forza GT,Torx,Helix HR,4000 LSS,16,2.50,.046,,4000,60,73,63,41.68727015916356,65.26501486941052,64.96919320721258
Venom Cobra,Top Gear,Sabotage Hybrid,5500 LSP,12,2.63,.027,,9000,73,80,50,76.77985285795131,35.93944538766272,41.237362797439616
Venom Cobra,Top Gear,Sabotage Hybrid,5500 LSP,13,2.57,.024,,9000,73,80,50,66.39784946236557,45.2688172043011,44.35192136879725
Venom Cobra,Top Gear,Sabotage Hybrid,5500 LSP,14,2.50,.039,,9000,73,80,50,52.662705149971714,64.26711941143179,59.182023685152146
Venom Cobra,Top Gear,Sabotage Hybrid,5500 LSP,15,2.47,.035,,9000,73,80,50,47.691001697792906,67.83531409168077,58.867818920023566
Venom Cobra,Top Gear,Sabotage Hybrid,5500 LSP,16,2.47,.031,,9000,73,80,50,48.041878890775365,66.0809281267685,56.91093791571509
Paranoia,Oblivion,Agitator Pearl,5500 LSP,12,2.65,.028,,9000,73,83,53,80.24052065647989,32.82965478211659,40.9934919136681
Paranoia,Oblivion,Agitator Pearl,5500 LSP,13,2.60,.038,,9000,73,83,53,70.4923599320883,46.08658743633275,49.93367659998841
Paranoia,Oblivion,Agitator Pearl,5500 LSP,14,2.54,.048,,9000,73,83,53,58.97000565930958,61.11771363893604,59.211625771895335
Paranoia,Oblivion,Agitator Pearl,5500 LSP,15,2.53,.047,,9000,73,83,53,57.283531409168056,62.4533106960951,59.423605478907355
Paranoia,Oblivion,Agitator Pearl,5500 LSP,16,2.53,.040,,9000,73,83,53,57.89756649688735,59.383135257498616,59.78247735632858
Jackal LE,Predator V2,Coercion HVS,3000 LSS,14,2.51,.049,.014,3000,47,73,75,34.9911258871446,69.97598562038465,70.23813052495765
Jackal LE,Predator V2,Coercion HVS,3000 LSS,15,2.47,.054,.015,3000,47,73,75,27.050349796962813,79.67114767547872,75.1364338243687
Jackal LE,Predator V2,Coercion HVS,3000 LSS,16,2.48,.047,.013,3000,47,73,75,30.24938924387998,74.01596787768436,70.61934052930832
Jackal Carnage,Predator,Coercion XFS,3000 LSS,14,2.48,.060,.015,3000,47,73,68,28.298227555876185,80.52853307446009,76.79136556934898
Jackal Carnage,Predator,Coercion XFS,3000 LSS,15,2.46,.060,.015,3000,47,73,68,24.749840459101993,84.07692017123428,78.40340167024294
Jackal Carnage,Predator,Coercion XFS,3000 LSS,16,2.46,.060,.015,3000,47,73,68,24.749840459101993,84.07692017123428,78.40340167024294
Octane Burn,Quadfire,Helix SFP,5500 Laser Scan Polished,12,2.58,.050,,9000,70,78,53,65.89134125636674,54.89813242784379,56.95751759277588
Octane Burn,Quadfire,Helix SFP,5500 Laser Scan Polished,13,2.58,.047,,9000,70,78,53,66.15449915110358,53.58234295415957,55.24095352761168
Octane Burn,Quadfire,Helix SFP,5500 Laser Scan Polished,14,2.56,.043,,9000,70,78,53,62.956989247311846,55.37634408602149,54.17426326236534
Octane Burn,Quadfire,Helix SFP,5500 Laser Scan Polished,15,2.55,.043,,9000,70,78,53,61.1827956989247,57.15053763440863,55.0084546919351
Octane Burn,Quadfire,Helix SFP,5500 Laser Scan Polished,16,2.54,.040,,9000,70,78,53,59.67176004527449,57.60894170911148,58.96600790552473
Revolt Havoc,Vanquish,Helix HFS,3000 LSS,12,2.63,.030,,3000,47,77,65,63.62379081013213,34.67665403073046,49.24519332925842
Revolt Havoc,Vanquish,Helix HFS,3000 LSS,13,2.56,.044,,3000,47,77,65,49.97636579598388,53.2363597466331,60.15535886231599
Revolt Havoc,Vanquish,Helix HFS,3000 LSS,14,2.50,.056,,3000,47,77,65,38.27857292671392,69.14467893169251,69.7355970095933
Revolt Havoc,Vanquish,Helix HFS,3000 LSS,15,2.47,.056,,3000,47,77,65,32.95599228155267,74.46725957685378,71.40897316417617
Revolt Havoc,Vanquish,Helix HFS,3000 LSS,16,2.46,.057,,3000,47,77,65,31.094079434919912,76.68004961646898,72.64319323154483
Forza Redline,Torx,Helix Pearl,5000 LSP,12,2.63,.030,,9000,73,80,50,76.51669496321446,37.255234861346935,42.82505953299966
Forza Redline,Torx,Helix Pearl,5000 LSP,13,2.57,.038,,9000,73,80,50,65.16977928692697,51.40916808149408,52.345139148819726
Forza Redline,Torx,Helix Pearl,5000 LSP,14,2.53,.047,,9000,73,80,50,57.283531409168056,62.4533106960951,59.423605478907355
Forza Redline,Torx,Helix Pearl,5000 LSP,15,2.50,.051,,9000,73,80,50,51.610073571024344,69.53027730616864,63.4833575226977
Forza Redline,Torx,Helix Pearl,5000 LSP,16,2.50,.046,,9000,73,80,50,52.04867006225241,67.33729485002829,60.85770568904479
Primal Rage Remix,Impulse V2,Raw Fusion Hybrid,4000 LSS,12,2.67,.040,,4000,70,85,63,72.37487627121787,32.47214559946147,54.46405203366217
Primal Rage Remix,Impulse V2,Raw Fusion Hybrid,4000 LSS,13,2.60,.055,,4000,70,85,63,58.63973195882402,51.47044780659217,63.09027570354442
Primal Rage Remix,Impulse V2,Raw Fusion Hybrid,4000 LSS,14,2.56,.054,,4000,70,85,63,51.63067706352124,58.12862550891249,65.26128953415012
Primal Rage Remix,Impulse V2,Raw Fusion Hybrid,4000 LSS,15,2.55,.050,,4000,70,85,63,50.20736070811656,58.14843309238735,64.03698343383856
Primal Rage Remix,Impulse V2,Raw Fusion Hybrid,4000 LSS,16,2.54,.049,,4000,70,85,63,48.52088645797511,59.484030149546335,64.2789416560466
Rebel Tank,Halogen,DMX Pearl Urethane,4000 Laser Scan Sanded,14,2.56,.038,,4000,14.0,13.0,40.0,53.03418583545107,51.11108164926337,58.46807587366411
Rebel Tank,Halogen,DMX Pearl Urethane,4000 Laser Scan Sanded,15,2.55,.037,,4000,14.0,13.0,40.0,51.34771158530954,52.44667870642244,58.4164844111925
Rebel Tank,Halogen,DMX Pearl Urethane,4000 Laser Scan Sanded,16,2.54,.036,,4000,14.0,13.0,40.0,49.661237335168096,53.78227576358142,58.45062899013455
Ascent Apex - Pink / Green,Recon,Fusion XL,5000 Laser Scan Polished,12,2.62,.038,,9000,87,60,35,74.0407470288625,42.53820033955855,48.3835792223803
Ascent Apex - Pink / Green,Recon,Fusion XL,5000 Laser Scan Polished,13,2.62,.030,,9000,87,60,35,74.7425014148274,39.02942840973399,43.384844312251666
Ascent Apex - Pink / Green,Recon,Fusion XL,5000 Laser Scan Polished,14,2.61,.030,,9000,87,60,35,72.96830786644027,40.80362195812113,44.107282903329796
Ascent Apex - Pink / Green,Recon,Fusion XL,5000 Laser Scan Polished,15,2.59,.025,,9000,87,60,35,69.85851726089416,42.15902659875497,43.16120096513565
Ascent Apex - Pink / Green,Recon,Fusion XL,5000 Laser Scan Polished,16,2.59,.018,,9000,87,60,35,70.47255234861345,39.08885116015848,39.594351197189205
Ascent Apex - Blue,Recon,Fusion XL,5000 Laser Scan Polished,12,2.62,.038,,9000,87,60,35,74.0407470288625,42.53820033955855,48.3835792223803
Ascent Apex - Blue,Recon,Fusion XL,5000 Laser Scan Polished,13,2.62,.030,,9000,87,60,35,74.7425014148274,39.02942840973399,43.384844312251666
Ascent Apex - Blue,Recon,Fusion XL,5000 Laser Scan Polished,14,2.61,.025,,9000,87,60,35,73.40690435766834,38.61063950198077,41.361981695990416
Ascent Apex - Blue,Recon,Fusion XL,5000 Laser Scan Polished,15,2.59,.025,,9000,87,60,35,69.85851726089416,42.15902659875497,43.16120096513565
Ascent Apex - Blue,Recon,Fusion XL,5000 Laser Scan Polished,16,2.59,.018,,9000,87,60,35,70.47255234861345,39.08885116015848,39.594351197189205
Graffiti Tag,Halogen,Agility MXR Solid,5500 Laser Scan Polished,12,2.64,.031,,9000,77,74,48,78.203169213356,35.919637804187865,42.8935374210635
Graffiti Tag,Halogen,Agility MXR Solid,5500 Laser Scan Polished,13,2.59,.038,,9000,77,74,48,68.71816638370117,47.86078098471988,50.738892173707214
Graffiti Tag,Halogen,Agility MXR Solid,5500 Laser Scan Polished,14,2.56,.038,,9000,77,74,48,63.39558573853992,53.18336162988114,53.13800509348661
Graffiti Tag,Halogen,Agility MXR Solid,5500 Laser Scan Polished,15,2.55,.037,,9000,77,74,48,61.709111488398385,54.51895868704021,53.145262242909
Graffiti Tag,Halogen,Agility MXR Solid,5500 Laser Scan Polished,16,2.54,.036,,9000,77,74,48,60.02263723825695,55.85455574419919,53.24800959478452
Venom Panic,Gear,Turmoil MFP,5000 Laser Scan Polished,12,2.65,.013,,9000,67,83,55,81.55631013016409,26.250707413695544,34.421399798702566
Venom Panic,Gear,Turmoil MFP,5000 Laser Scan Polished,13,2.58,.023,,9000,67,83,55,68.25976230899832,43.05602716468589,43.0289114409005
Venom Panic,Gear,Turmoil MFP,5000 Laser Scan Polished,14,2.52,.029,,9000,67,83,55,57.08828522920204,56.3327674023769,50.9324393721914
Venom Panic,Gear,Turmoil MFP,5000 Laser Scan Polished,15,2.48,.034,,9000,67,83,55,49.55291454442558,65.62252405206564,57.55101127232389
Venom Panic,Gear,Turmoil MFP,5000 Laser Scan Polished,16,2.48,.031,,9000,67,83,55,49.816072439162426,64.30673457838144,56.11225328345515
Revolt Vengeance,Vanquish,Turmoil HFH Hybrid,5000 LSP,12,2.63,.030,,9000,67,86,58,76.51669496321446,37.255234861346935,42.82505953299966
Revolt Vengeance,Vanquish,Turmoil HFH Hybrid,5000 LSP,13,2.56,.044,,9000,67,86,58,62.869269949066236,55.81494057724956,54.96153428570222
Revolt Vengeance,Vanquish,Turmoil HFH Hybrid,5000 LSP,14,2.50,.056,,9000,67,86,58,51.171477079796276,71.72325976230898,65.96211495244205
Revolt Vengeance,Vanquish,Turmoil HFH Hybrid,5000 LSP,15,2.47,.056,,9000,67,86,58,45.848896434635016,77.04584040747025,67.98376814392522
Revolt Vengeance,Vanquish,Turmoil HFH Hybrid,5000 LSP,16,2.46,.057,,9000,67,86,58,43.98698358800226,79.25863044708547,69.38639568020606
Forza,Torx,Helix Solid,3000 LSS,12,2.63,.030,,3000,47,73,63,63.62379081013213,34.67665403073046,49.24519332925842
Forza,Torx,Helix Solid,3000 LSS,13,2.57,.038,,3000,47,73,63,52.27687513384463,48.83058725087761,58.02933652772211
Forza,Torx,Helix Solid,3000 LSS,14,2.53,.047,,3000,47,73,63,44.3906272560857,59.87472986547863,64.11124294450539
Forza,Torx,Helix Solid,3000 LSS,15,2.50,.051,,3000,47,73,63,38.71716941794199,66.95169647555215,67.56275080535623
Forza,Torx,Helix Solid,3000 LSS,16,2.50,.046,,3000,47,73,63,39.15576590917006,64.75871401941181,65.27495682276323
Jackal,Predator,Turmoil HFP,3000 LSS,14,2.48,.060,.015,3000,53,80,65,28.298227555876185,80.52853307446009,76.79136556934898
Jackal,Predator,Turmoil HFP,3000 LSS,15,2.46,.060,.015,3000,53,80,65,24.749840459101993,84.07692017123428,78.40340167024294
Jackal,Predator,Turmoil HFP,3000 LSS,16,2.46,.060,.015,3000,53,80,65,24.749840459101993,84.07692017123428,78.40340167024294
Tribal Fire,Halogen,Fusion Hybrid,5000 Laser Scan Polished,12,2.64,.31,,9000,67,86,53,53.72948500282968,158.28805885681945,170.77073069270318
Tribal Fire,Halogen,Fusion Hybrid,5000 Laser Scan Polished,13,2.59,.038,,9000,67,86,53,68.71816638370117,47.86078098471988,50.738892173707214
Tribal Fire,Halogen,Fusion Hybrid,5000 Laser Scan Polished,14,2.56,.038,,9000,67,86,53,63.39558573853992,53.18336162988114,53.13800509348661
Tribal Fire,Halogen,Fusion Hybrid,5000 Laser Scan Polished,15,2.55,.037,,9000,67,86,53,61.709111488398385,54.51895868704021,53.145262242909
Tribal Fire,Halogen,Fusion Hybrid,5000 Laser Scan Polished,16,2.54,.036,,9000,67,86,53,60.02263723825695,55.85455574419919,53.24800959478452
Octane,Quadfire,Agility SFX,5000 Laser Scan Polished,12,2.59,.050,,9000,73,86,55,67.6655348047538,53.12393887945673,56.23053546969661
Octane,Quadfire,Agility SFX,5000 Laser Scan Polished,13,2.58,.047,,9000,73,86,55,66.15449915110358,53.58234295415957,55.24095352761168
Octane,Quadfire,Agility SFX,5000 Laser Scan Polished,14,2.56,.043,,9000,73,86,55,62.956989247311846,55.37634408602149,54.17426326236534
Octane,Quadfire,Agility SFX,5000 Laser Scan Polished,15,2.55,.043,,9000,73,86,55,61.1827956989247,57.15053763440863,55.0084546919351
Octane,Quadfire,Agility SFX,5000 Laser Scan Polished,16,2.54,.040,,9000,73,86,55,59.67176004527449,57.60894170911148,58.96600790552473
Covert Revolt,Vanquish,Turmoil HFS,4000 Laser Scan Sanded,12,2.63,.030,,4000,60,87,63,66.15529506012562,35.18295488072916,48.96432687102624
Covert Revolt,Vanquish,Turmoil HFS,4000 Laser Scan Sanded,13,2.56,.044,,4000,60,87,63,52.507870045977384,53.742660596631794,59.95457912388398
Covert Revolt,Vanquish,Turmoil HFS,4000 Laser Scan Sanded,14,2.50,.056,,4000,60,87,63,40.81007717670742,69.65097978169122,69.54123725474037
Covert Revolt,Vanquish,Turmoil HFS,4000 Laser Scan Sanded,15,2.47,.056,,4000,60,87,63,35.487496531546164,74.97356042685247,71.1447057394083
Covert Revolt,Vanquish,Turmoil HFS,4000 Laser Scan Sanded,16,2.46,.057,,4000,60,87,63,33.625583684913416,77.18635046646769,72.36659634570758
Sigma Sting,Sigma,Fusion Pearl,5000 Laser Scan Polished,12,2.63,.024,,9000,15,17.5,53,77.04301075268815,34.62365591397851,39.68986612724782
Sigma Sting,Sigma,Fusion Pearl,5000 Laser Scan Polished,13,2.57,.032,,9000,15,17.5,53,65.69609507640065,48.77758913412566,48.58496589226594
Sigma Sting,Sigma,Fusion Pearl,5000 Laser Scan Polished,14,2.51,.040,,9000,15,17.5,53,54.34917940011316,62.931522354272815,61.42931666473715
Sigma Sting,Sigma,Fusion Pearl,5000 Laser Scan Polished,15,2.47,.047,,9000,15,17.5,53,46.63837011884554,73.09847198641762,63.68203386188943
Sigma Sting,Sigma,Fusion Pearl,5000 Laser Scan Polished,16,2.46,.044,,9000,15,17.5,53,45.12733446519525,73.55687606112055,62.86638575735868
Cruel Intent,Sinister,Fusion Pearl,5000 Gri Laser Scan Polished,14,2.57,.053,.019,9000,67,77,63,56.15128711054006,65.69081815261784,64.46017314901992
Cruel Intent,Sinister,Fusion Pearl,5000 Gri Laser Scan Polished,15,2.55,.053,.018,9000,67,77,63,53.008305419171265,68.83379984398663,65.92756984048061
Cruel Intent,Sinister,Fusion Pearl,5000 Gri Laser Scan Polished,16,2.55,.050,.018,9000,67,77,63,53.27146331390811,67.51801037030242,64.22977032860868
Primal Rage,Impulse V2,Fusion Pearl,5000 Laser Scan Polished,12,2.67,.040,,9000,70,87,53,82.73627617430672,34.54442558007924,48.92232873913246
Primal Rage,Impulse V2,Fusion Pearl,5000 Laser Scan Polished,13,2.60,.055,,9000,70,87,53,69.00113186191287,53.54272778720994,58.3627448818044
Primal Rage,Impulse V2,Fusion Pearl,5000 Laser Scan Polished,14,2.56,.054,,9000,70,87,53,61.99207696661009,60.200905489530264,60.82029561880446
Primal Rage,Impulse V2,Fusion Pearl,5000 Laser Scan Polished,15,2.55,.050,,9000,70,87,53,60.568760611205406,60.22071307300513,59.4973584866109
Primal Rage,Impulse V2,Fusion Pearl,5000 Laser Scan Polished,16,2.54,.049,,9000,70,87,53,58.88228636106396,61.55631013016411,59.80383961858319
Trident Nemesis,Sidewinder™ Asymmetric,Infusion HV Pearl,5500 LSP,12,2.63,.036,.010,9000,80,86,65,71.93632511968673,43.9408678627694,49.01082284539797
Trident Nemesis,Sidewinder™ Asymmetric,Infusion HV Pearl,5500 LSP,13,2.56,.051,.015,9000,80,86,65,56.174153780265854,64.96619709692713,63.69700016465616
Trident Nemesis,Sidewinder™ Asymmetric,Infusion HV Pearl,5500 LSP,14,2.52,.049,.013,9000,80,86,65,50.06362899401949,70.37496749720859,64.976727217982
Trident Nemesis,Sidewinder™ Asymmetric,Infusion HV Pearl,5500 LSP,15,2.52,.049,.013,9000,80,86,65,50.06362899401949,70.37496749720859,64.976727217982
Trident Nemesis,Sidewinder™ Asymmetric,Infusion HV Pearl,5500 LSP,16,2.52,.049,.013,9000,80,86,65,50.06362899401949,70.37496749720859,64.976727217982
Desert Tank,Flux™ Symmetric,Frixion+ Pearl Microcell Polymer,2000 LSS,14,2.57,.018,,2000,47,53,40,51.188617551418886,39.4901287168486,47.56645405721032
Desert Tank,Flux™ Symmetric,Frixion+ Pearl Microcell Polymer,2000 LSS,15,2.57,.015,,2000,47,53,40,51.451775446155736,38.17433924316439,46.11165922433108
Desert Tank,Flux™ Symmetric,Frixion+ Pearl Microcell Polymer,2000 LSS,16,2.57,.013,,2000,47,53,40,51.62721404264696,37.29714626070825,45.13581727707353
Venom Toxin,Gear,Atomix Hybrid Radial,5500 Laser Scan Polished,12,2.65,.016,,9000,62,72,43,81.29315223542726,27.566496887379753,35.674189109526615
Venom Toxin,Gear,Atomix Hybrid Radial,5500 Laser Scan Polished,13,2.58,.023,,9000,62,72,43,68.25976230899832,43.05602716468589,43.0289114409005
Venom Toxin,Gear,Atomix Hybrid Radial,5500 Laser Scan Polished,14,2.52,.029,,9000,62,72,43,57.08828522920204,56.3327674023769,50.9324393721914
Venom Toxin,Gear,Atomix Hybrid Radial,5500 Laser Scan Polished,15,2.48,.034,,9000,62,72,43,49.55291454442558,65.62252405206564,57.55101127232389
Venom Toxin,Gear,Atomix Hybrid Radial,5500 Laser Scan Polished,16,2.48,.031,,9000,62,72,43,49.816072439162426,64.30673457838144,56.11225328345515
Thrash Frenzy,Quadfire,Whiplash Pearl,5500 Laser Scan Polished,12,2.59,.050,,9000,67,83,48,67.6655348047538,53.12393887945673,56.23053546969661
Thrash Frenzy,Quadfire,Whiplash Pearl,5500 Laser Scan Polished,13,2.58,.047,,9000,67,83,48,66.15449915110358,53.58234295415957,55.24095352761168
Thrash Frenzy,Quadfire,Whiplash Pearl,5500 Laser Scan Polished,14,2.56,.043,,9000,67,83,48,62.956989247311846,55.37634408602149,54.17426326236534
Thrash Frenzy,Quadfire,Whiplash Pearl,5500 Laser Scan Polished,15,2.55,.043,,9000,67,83,48,61.1827956989247,57.15053763440863,55.0084546919351
Thrash Frenzy,Quadfire,Whiplash Pearl,5500 Laser Scan Polished,16,2.54,.040,,9000,67,83,48,59.67176004527449,57.60894170911148,58.96600790552473
Raptor Talon,Predator,Fusion Solid,3000 Laser Scan Sanded,12,2.59,.037,.009,3000,33,60,68,52.26433288021578,48.49225231152399,58.34356100746616
Raptor Talon,Predator,Fusion Solid,3000 Laser Scan Sanded,13,2.52,.051,.013,3000,33,60,68,36.99528624444592,68.67357964904824,70.4199523939279
Raptor Talon,Predator,Fusion Solid,3000 Laser Scan Sanded,14,2.48,.060,.015,3000,33,60,68,28.298227555876185,80.52853307446009,76.79136556934898
Raptor Talon,Predator,Fusion Solid,3000 Laser Scan Sanded,15,2.46,.060,.015,3000,33,60,68,24.749840459101993,84.07692017123428,78.40340167024294
Raptor Talon,Predator,Fusion Solid,3000 Laser Scan Sanded,16,2.46,.060,.015,3000,33,60,68,24.749840459101993,84.07692017123428,78.40340167024294
Venom Strike,Gear,Atomix Arc Solid,3000 LSS,12,2.65,.016,,3000,47,77,58,68.40024808234492,24.987916056763282,42.44808777010307
Venom Strike,Gear,Atomix Arc Solid,3000 LSS,13,2.58,.023,,3000,47,77,58,55.36685815591596,40.47744633406941,49.51298089921288
Venom Strike,Gear,Atomix Arc Solid,3000 LSS,14,2.52,.029,,3000,47,77,58,44.195381076119695,53.75418657176043,56.628369230072444
Venom Strike,Gear,Atomix Arc Solid,3000 LSS,15,2.48,.034,,3000,47,77,58,36.66001039134323,63.043943221449176,62.52512850727009
Venom Strike,Gear,Atomix Arc Solid,3000 LSS,16,2.48,.031,,3000,47,77,58,36.92316828608007,61.728153747764964,61.24963757853731
Primal Scream,Impulse V2,Whiplash Solid,5000 Laser Scan Polished,12,2.67,.040,,9000,60,80,55,82.73627617430672,34.54442558007924,48.92232873913246
Primal Scream,Impulse V2,Whiplash Solid,5000 Laser Scan Polished,13,2.60,.055,,9000,60,80,55,69.00113186191287,53.54272778720994,58.3627448818044
Primal Scream,Impulse V2,Whiplash Solid,5000 Laser Scan Polished,14,2.56,.054,,9000,60,80,55,61.99207696661009,60.200905489530264,60.82029561880446
Primal Scream,Impulse V2,Whiplash Solid,5000 Laser Scan Polished,15,2.55,.050,,9000,60,80,55,60.568760611205406,60.22071307300513,59.4973584866109
Primal Scream,Impulse V2,Whiplash Solid,5000 Laser Scan Polished,16,2.54,.049,,9000,60,80,55,58.88228636106396,61.55631013016411,59.80383961858319
Cruel C51 LE,Cruel,Formula-5 Hybrid,5500 Laser Scan Polished,14,2.50,.060,.030,9000,50,73,50,38.658437724651655,85.63980788938343,76.04064938371728
Cruel C51 LE,Cruel,Formula-5 Hybrid,5500 Laser Scan Polished,15,2.48,.060,.030,9000,50,73,50,35.110050627877456,89.18819498615764,77.07633895527533
Cruel C51 LE,Cruel,Formula-5 Hybrid,5500 Laser Scan Polished,16,2.46,.060,.030,9000,50,73,50,31.561663531103264,92.73658208293183,78.9167191397231
Raptor Attack,Predator,Atomix SFP,5500 Laser Scan Polished,12,2.59,.037,.009,9000,67,80,50,65.15723703329814,51.07083314214046,52.45466267546159
Raptor Attack,Predator,Atomix SFP,5500 Laser Scan Polished,13,2.52,.051,.013,9000,67,80,50,49.88819039752826,71.25216047966472,66.11143856503483
Raptor Attack,Predator,Atomix SFP,5500 Laser Scan Polished,14,2.48,.060,.015,9000,67,80,50,41.19113170895854,83.10711390507655,73.4575692269285
Raptor Attack,Predator,Atomix SFP,5500 Laser Scan Polished,15,2.46,.060,.015,9000,67,80,50,37.64274461218434,86.65550100185075,75.29794941137625
Raptor Attack,Predator,Atomix SFP,5500 Laser Scan Polished,16,2.46,.060,.015,9000,67,80,50,37.64274461218434,86.65550100185075,75.29794941137625
Thrash,Quadfire,Z-max Solid,3000 Laser Scan Sanded,12,2.59,.050,,3000,50,60,45,54.77263065167145,50.54535804884026,61.239406378139115
Thrash,Quadfire,Z-max Solid,3000 Laser Scan Sanded,13,2.58,.047,,3000,50,60,45,53.26159499802123,51.0037621235431,60.38780396476835
Thrash,Quadfire,Z-max Solid,3000 Laser Scan Sanded,14,2.56,.043,,3000,50,60,45,50.06408509422949,52.79776325540502,59.43723036217806
Thrash,Quadfire,Z-max Solid,3000 Laser Scan Sanded,15,2.55,.043,,3000,50,60,45,48.28989154584235,54.571956803792155,60.17837914703221
Thrash,Quadfire,Z-max Solid,3000 Laser Scan Sanded,16,2.51,.040,,3000,50,60,45,41.4562752470308,60.35294152365635,66.37432344580101
Tribal,Halogen,Fusion Pearl,5500 Laser Scan Polished,12,2.64,.031,,9000,77,83,48,78.203169213356,35.919637804187865,42.8935374210635
Tribal,Halogen,Fusion Pearl,5500 Laser Scan Polished,13,2.59,.038,,9000,77,83,48,68.71816638370117,47.86078098471988,50.738892173707214
Tribal,Halogen,Fusion Pearl,5500 Laser Scan Polished,14,2.56,.038,,9000,77,83,48,63.39558573853992,53.18336162988114,53.13800509348661
Tribal,Halogen,Fusion Pearl,5500 Laser Scan Polished,15,2.55,.037,,9000,77,83,48,61.709111488398385,54.51895868704021,53.145262242909
Tribal,Halogen,Fusion Pearl,5500 Laser Scan Polished,16,2.54,.036,,9000,77,83,48,60.02263723825695,55.85455574419919,53.24800959478452
Sigma Hybrid,Sigma,Atomix Hybrid,3000 Laser Scan Sanded,12,2.63,.024,,3000,40,73,58,64.1501065996058,32.045075083362036,46.34703172908105
Sigma Hybrid,Sigma,Atomix Hybrid,3000 Laser Scan Sanded,13,2.57,.032,,3000,40,73,58,52.803190923318304,46.199008303509196,54.62625589283123
Sigma Hybrid,Sigma,Atomix Hybrid,3000 Laser Scan Sanded,14,2.51,.040,,3000,40,73,58,41.4562752470308,60.35294152365635,66.37432344580101
Sigma Hybrid,Sigma,Atomix Hybrid,3000 Laser Scan Sanded,15,2.47,.047,,3000,40,73,58,33.745465965763195,70.51989115580115,67.68206280126647
Sigma Hybrid,Sigma,Atomix Hybrid,3000 Laser Scan Sanded,16,2.46,.044,,3000,40,73,58,32.2344303121129,70.97829523050407,66.96077788370881
Raptor P7,Predator,Formula-7,5000 Laser Scan Polished,12,2.59,.037,.009,9000,60,77,60,65.15723703329814,51.07083314214046,52.45466267546159
Raptor P7,Predator,Formula-7,5000 Laser Scan Polished,13,2.52,.051,.013,9000,60,77,60,49.88819039752826,71.25216047966472,66.11143856503483
Raptor P7,Predator,Formula-7,5000 Laser Scan Polished,14,2.48,.060,.015,9000,60,77,60,41.19113170895854,83.10711390507655,73.4575692269285
Raptor P7,Predator,Formula-7,5000 Laser Scan Polished,15,2.46,.060,.015,9000,60,77,60,37.64274461218434,86.65550100185075,75.29794941137625
Raptor P7,Predator,Formula-7,5000 Laser Scan Polished,16,2.46,.060,.015,9000,60,77,60,37.64274461218434,86.65550100185075,75.29794941137625
Sniper,Hollow Point,DMX Polyster,5500 Laser Scan Polished,12,2.75,.003,,9000,N/A,N/A,N/A,100.17543859649123,4.12280701754386,24.07874919087725
Sniper,Hollow Point,DMX Polyster,5500 Laser Scan Polished,13,2.73,.006,,9000,N/A,N/A,N/A,96.36389360498019,8.986983588002266,26.209956575293823
Sniper,Hollow Point,DMX Polyster,5500 Laser Scan Polished,14,2.69,.014,,9000,N/A,N/A,N/A,88.56536502546689,19.59252971137522,31.873010655727537
Sniper,Hollow Point,DMX Polyster,5500 Laser Scan Polished,15,2.68,.010,,9000,N/A,N/A,N/A,87.1420486700623,19.612337294849997,31.256555210213257
Sniper,Hollow Point,DMX Polyster,5500 Laser Scan Polished,16,2.67,.010,,9000,N/A,N/A,N/A,85.36785512167515,21.386530843237132,32.25008441284226
Cruel C51,Cruel,Formula-5 Hybrid,3000 Laser Scan Sanded,14,2.50,.060,.030,3000,47,70,53,25.765533571569303,83.06122705876696,79.60746599211774
Cruel C51,Cruel,Formula-5 Hybrid,3000 Laser Scan Sanded,15,2.46,.060,.030,3000,47,70,53,18.668759378020912,90.15800125231536,82.02217139858979
Cruel C51,Cruel,Formula-5 Hybrid,3000 Laser Scan Sanded,16,2.46,.060,.030,3000,47,70,53,18.668759378020912,90.15800125231536,82.02217139858979
Sigma Tour,Sigma,Atomix,3000 Laser Scan Sanded,12,2.63,.024,,3000,53,67,53,64.1501065996058,32.045075083362036,46.34703172908105
Sigma Tour,Sigma,Atomix,3000 Laser Scan Sanded,13,2.57,.032,,3000,53,67,53,52.803190923318304,46.199008303509196,54.62625589283123
Sigma Tour,Sigma,Atomix,3000 Laser Scan Sanded,14,2.51,.040,,3000,53,67,53,41.4562752470308,60.35294152365635,66.37432344580101
Sigma Tour,Sigma,Atomix,3000 Laser Scan Sanded,15,2.47,.047,,3000,53,67,53,33.745465965763195,70.51989115580115,67.68206280126647
Sigma Tour,Sigma,Atomix,3000 Laser Scan Sanded,16,2.46,.044,,3000,53,67,53,32.2344303121129,70.97829523050407,66.96077788370881
Primal Impulse,Impulse,Atomix SFP,5500 Laser Scan Polished,12,2.67,.057,,9000,60,77,48,81.24504810413129,42.000565930956434,52.61093863222706
Primal Impulse,Impulse,Atomix SFP,5500 Laser Scan Polished,13,2.64,.058,,9000,60,77,48,75.83474816072442,47.76174306734576,56.087775947724275
Primal Impulse,Impulse,Atomix SFP,5500 Laser Scan Polished,14,2.62,.054,,9000,60,77,48,72.63723825693268,49.55574419920767,56.28118094525158
Primal Impulse,Impulse,Atomix SFP,5500 Laser Scan Polished,15,2.60,.050,,9000,60,77,48,69.43972835314094,51.34974533106959,55.53816892600465
Primal Impulse,Impulse,Atomix SFP,5500 Laser Scan Polished,16,2.60,.050,,9000,60,77,48,69.43972835314094,51.34974533106959,55.53816892600465
Ascent Solid,Recon,MOTIVator-Z,3000 Laser Scan Sanded,12,2.62,.038,,3000,40,53,48,61.14784287578016,39.95961950894208,54.331199660713544
Ascent Solid,Recon,MOTIVator-Z,3000 Laser Scan Sanded,13,2.62,.030,,3000,40,53,48,61.84959726174507,36.45084757911752,49.79117656488894
Ascent Solid,Recon,MOTIVator-Z,3000 Laser Scan Sanded,14,2.61,.025,,3000,40,53,48,60.51400020458599,36.032058671364304,47.94566537665632
Ascent Solid,Recon,MOTIVator-Z,3000 Laser Scan Sanded,15,2.59,.025,,3000,40,53,48,56.9656131078118,39.5804457681385,49.65004728395388
Ascent Solid,Recon,MOTIVator-Z,3000 Laser Scan Sanded,16,2.59,.018,,3000,40,53,48,57.57964819553109,36.51027032954201,46.23568058100482
Primal TV4,Thrust,Vicious Pearl,5500 Laser Scan Polished,12,2.66,.031,,9000,53,63,45,81.7515563101302,32.371250707413665,41.83409903583203
Primal TV4,Thrust,Vicious Pearl,5500 Laser Scan Polished,13,2.61,.042,,9000,53,63,45,71.9156762874929,46.06677985285797,49.13312520657494
Primal TV4,Thrust,Vicious Pearl,5500 Laser Scan Polished,14,2.57,.048,,9000,53,63,45,64.29258630447083,55.795132993774786,56.614012758727704
Primal TV4,Thrust,Vicious Pearl,5500 Laser Scan Polished,15,2.54,.052,,9000,53,63,45,58.619128466327126,62.87209960384831,61.540347749232296
Primal TV4,Thrust,Vicious Pearl,5500 Laser Scan Polished,16,2.53,.048,,9000,53,63,45,57.19581211092244,62.89190718732318,60.02644819112499
King Venom,Sigma™,Propulsion MXV Hybrid,2000 LSP,14,2.50,.044,,9000,,,,52.224108658743646,66.46010186757215,59.657203136028905
King Venom,Sigma™,Propulsion MXV Hybrid,2000 LSP,15,2.47,.047,,9000,,,,46.63837011884554,73.09847198641762,63.68203386188943
King Venom,Sigma™,Propulsion MXV Hybrid,2000 LSP,16,2.48,.041,,9000,,,,48.93887945670629,68.69269949066214,55.974141737427075
Rising Venom,Gear™ APG Asymmetrical,Turmoil MFS Solid,4000 LSS,12,2.63,.020,.007,4000,54,66,60,64.19465020474392,33.6348278062863,45.9997633305967
Rising Venom,Gear™ APG Asymmetrical,Turmoil MFS Solid,4000 LSS,13,2.56,.028,.009,4000,54,66,60,50.26273016925856,50.373765385631316,55.4386973048768
Rising Venom,Gear™ APG Asymmetrical,Turmoil MFS Solid,4000 LSS,14,2.50,.033,.012,4000,54,66,60,37.96275617149168,64.42812534831046,63.360670136436845
Rising Venom,Gear™ APG Asymmetrical,Turmoil MFS Solid,4000 LSS,15,2.47,.036,.013,4000,54,66,60,31.971612226188178,71.47190087256135,67.3174183172982
Rising Venom,Gear™ APG Asymmetrical,Turmoil MFS Solid,4000 LSS,16,2.48,.032,.011,4000,54,66,60,34.9074937783685,67.1325105484512,64.21929551245623
Jackal Howl,Predator™ V2 Asymmetric,Coercion HFS,3000 LSS,12,2.64,.030,.010,3000,53,74,78,61.343930304465204,36.95651453639738,51.57709469494893
Jackal Howl,Predator™ V2 Asymmetric,Coercion HFS,3000 LSS,13,2.57,.040,.011,3000,53,74,78,47.641977077893934,54.16723969279322,65.15696496764618
Jackal Howl,Predator™ V2 Asymmetric,Coercion HFS,3000 LSS,14,2.51,.049,.014,3000,53,74,78,34.9911258871446,69.97598562038465,70.23813052495765
Jackal Howl,Predator™ V2 Asymmetric,Coercion HFS,3000 LSS,15,2.47,.054,.015,3000,53,74,78,27.050349796962813,79.67114767547872,75.1364338243687
Jackal Howl,Predator™ V2 Asymmetric,Coercion HFS,3000 LSS,16,2.48,.047,.013,3000,53,74,78,30.24938924387998,74.01596787768436,70.61934052930832
Jackal Shadow,Predator™ V2 Asymmetric,Leverage Solid,3000 LSS,12,2.64,.030,.010,3000,60,72,73,61.343930304465204,36.95651453639738,51.57709469494893
Jackal Shadow,Predator™ V2 Asymmetric,Leverage Solid,3000 LSS,13,2.57,.040,.011,3000,60,72,73,47.641977077893934,54.16723969279322,65.15696496764618
Jackal Shadow,Predator™ V2 Asymmetric,Leverage Solid,3000 LSS,14,2.51,.049,.014,3000,60,72,73,34.9911258871446,69.97598562038465,70.23813052495765
Jackal Shadow,Predator™ V2 Asymmetric,Leverage Solid,3000 LSS,15,2.47,.054,.015,3000,60,72,73,27.050349796962813,79.67114767547872,75.1364338243687
Jackal Shadow,Predator™ V2 Asymmetric,Leverage Solid,3000 LSS,16,2.48,.047,.013,3000,60,72,73,30.24938924387998,74.01596787768436,70.61934052930832
Raptor Supreme,Affliction™ Symmetric,Coercion MXC Solid,3000 LSS,14,2.52,.052,,3000,14,16,62,42.17783721647058,63.841905870006045,67.25316460637491
Raptor Supreme,Affliction™ Symmetric,Coercion MXC Solid,3000 LSS,15,2.50,.052,,3000,14,16,62,38.62945011969638,67.39029296678024,68.00150558236658
Raptor Supreme,Affliction™ Symmetric,Coercion MXC Solid,3000 LSS,16,2.49,.052,,3000,14,16,62,36.85525657130932,69.1644865151673,68.44627604603116
Raptor Altitude,Affliction,Infusion HV Pearl,5500 LSP,14,2.52,0.052,,9000,17,18.5,57,55.07074136955293,66.42048670062252,63.009155145603245
Raptor Altitude,Affliction,Infusion HV Pearl,5500 LSP,15,2.50,0.052,,9000,17,18.5,57,51.522354272778735,69.96887379739671,63.98661666782946
Raptor Altitude,Affliction,Infusion HV Pearl,5500 LSP,16,2.49,0.052,,9000,17,18.5,57,49.748160724391674,71.74306734578377,64.54796615359125
Ultimate Jackal,Predator™ V2,Coercion HFS,3000 LSS,14,2.51,.049,.014,3000,,,,34.9911258871446,69.97598562038465,70.23813052495765
Ultimate Jackal,Predator™ V2,Coercion HFS,3000 LSS,15,2.47,.054,.015,3000,,,,27.050349796962813,79.67114767547872,75.1364338243687
Ultimate Jackal,Predator™ V2,Coercion HFS,3000 LSS,16,2.48,.047,.013,3000,,,,30.24938924387998,74.01596787768436,70.61934052930832
Trident Tempest,Sidewinder™,Infusion HV Pearl,4000 LSS,12,2.63,.036,.010,4000,,,,61.57492521659788,41.86858788215164,54.88002346483634
Trident Tempest,Sidewinder™,Infusion HV Pearl,4000 LSS,13,2.56,.051,.015,4000,,,,45.812753877177,62.89391711630936,68.29381281151505
Trident Tempest,Sidewinder™,Infusion HV Pearl,4000 LSS,14,2.52,.049,.013,4000,,,,39.70222909093064,68.3026875165908,69.19256943201187
Trident Tempest,Sidewinder™,Infusion HV Pearl,4000 LSS,15,2.52,.049,.013,4000,,,,39.70222909093064,68.3026875165908,69.19256943201187
Trident Tempest,Sidewinder™,Infusion HV Pearl,4000 LSS,16,2.52,.049,.013,4000,,,,39.70222909093064,68.3026875165908,69.19256943201187
2020 Revolt,Vanquish™,Coercion HFS,3500 LSS,12,2.63,.030,,3500,,,,64.92039998675241,34.93597586605452,49.18142734390532
2020 Revolt,Vanquish™,Coercion HFS,3500 LSS,13,2.56,.044,,3500,,,,51.272974972604175,53.49568158195714,60.119612957114654
2020 Revolt,Vanquish™,Coercion HFS,3500 LSS,14,2.50,.056,,3500,,,,39.575182103334214,69.40400076701657,69.68384154079584
2020 Revolt,Vanquish™,Coercion HFS,3500 LSS,15,2.47,.056,,3500,,,,34.252601458172954,74.72658141217784,71.31215347467727
2020 Revolt,Vanquish™,Coercion HFS,3500 LSS,16,2.46,.057,,3500,,,,32.3906886115402,76.93937145179305,72.53672625016533
Jackal Attack,Predator™ V3,Coercion HV2,2000 LSS,14,2.50,.052,.018,2000,11,16,62,28.489509275061064,74.11906155460993,72.46873437711636
Jackal Attack,Predator™ V3,Coercion HV2,2000 LSS,15,2.47,.055,.019,2000,11,16,62,22.498365329757565,81.1628370788608,75.89843045530966
Jackal Attack,Predator™ V3,Coercion HV2,2000 LSS,16,2.47,.053,.018,2000,11,16,62,23.079209331654198,79.88023869099926,74.78181899546537
Jackal Magic,Predator™ V2 (16#-14#) / Sinister™ (13#-12#),Coercion HFH,3000 LSS,12,2.64,.036,.013,3000,,,,59.6013982987753,40.804309699982014,55.36088097806312
Jackal Magic,Predator™ V2 (16#-14#) / Sinister™ (13#-12#),Coercion HFH,3000 LSS,13,2.58,.052,.018,3000,,,,45.525701209495864,60.494041876980745,67.61335744812847
Jackal Magic,Predator™ V2 (16#-14#) / Sinister™ (13#-12#),Coercion HFH,3000 LSS,14,2.51,.049,.014,3000,,,,34.9911258871446,69.97598562038465,70.23813052495765
Jackal Magic,Predator™ V2 (16#-14#) / Sinister™ (13#-12#),Coercion HFH,3000 LSS,15,2.47,.054,.015,3000,,,,27.050349796962813,79.67114767547872,75.1364338243687
Jackal Magic,Predator™ V2 (16#-14#) / Sinister™ (13#-12#),Coercion HFH,3000 LSS,16,2.48,.047,.013,3000,,,,30.24938924387998,74.01596787768436,70.61934052930832
Jackal Slash,Predator™ V3,Coercion HV2,2000 LSS,14,2.50,.052,.018,2000,11,16,62,28.489509275061064,74.11906155460993,72.46873437711636
Jackal Slash,Predator™ V3,Coercion HV2,2000 LSS,15,2.47,.055,.019,2000,11,16,62,22.498365329757565,81.1628370788608,75.89843045530966
Jackal Slash,Predator™ V3,Coercion HV2,2000 LSS,16,2.47,.053,.018,2000,11,16,62,23.079209331654198,79.88023869099926,74.78181899546537
Royal Revolt,Vanquish,Coercion HFS,3000 LSS,12,2.63,.030,,3000,,,,63.62379081013213,34.67665403073046,49.24519332925842
Royal Revolt,Vanquish,Coercion HFS,3000 LSS,13,2.56,.044,,3000,,,,49.97636579598388,53.2363597466331,60.15535886231599
Royal Revolt,Vanquish,Coercion HFS,3000 LSS,14,2.50,.056,,3000,,,,38.27857292671392,69.14467893169251,69.7355970095933
Royal Revolt,Vanquish,Coercion HFS,3000 LSS,15,2.47,.056,,3000,,,,32.95599228155267,74.46725957685378,71.40897316417617
Royal Revolt,Vanquish,Coercion HFS,3000 LSS,16,2.46,.057,,3000,,,,31.094079434919912,76.68004961646898,72.64319323154483
Jackal Wild,Predator V2,Coercion HFS Solid,3000 LSS,14,2.51,.049,.014,3000,,,,34.9911258871446,69.97598562038465,70.23813052495765
Jackal Wild,Predator V2,Coercion HFS Solid,3000 LSS,15,2.47,.054,.015,3000,,,,27.050349796962813,79.67114767547872,75.1364338243687
Jackal Wild,Predator V2,Coercion HFS Solid,3000 LSS,16,2.48,.047,.013,3000,,,,30.24938924387998,74.01596787768436,70.61934052930832
Jackal Hunt,Predator V3,Coercion HV2,2000 LSS,14,2.50,.052,.018,2000,,,,28.489509275061064,74.11906155460993,72.46873437711636
Jackal Hunt,Predator V3,Coercion HV2,2000 LSS,15,2.47,.055,.019,2000,,,,22.498365329757565,81.1628370788608,75.89843045530966
Jackal Hunt,Predator V3,Coercion HV2,2000 LSS,16,2.47,.053,.018,2000,,,,23.079209331654198,79.88023869099926,74.78181899546537
Black Jackal,Predator V3,Coercion HV2,2000 LSS,14,2.50,.052,.018,2000,,,,28.489509275061064,74.11906155460993,72.46873437711636
Black Jackal,Predator V3,Coercion HV2,2000 LSS,15,2.47,.055,.019,2000,,,,22.498365329757565,81.1628370788608,75.89843045530966
Black Jackal,Predator V3,Coercion HV2,2000 LSS,16,2.47,.053,.018,2000,,,,23.079209331654198,79.88023869099926,74.78181899546537
Jackal Shred,Predator V3,Coercion HV2 Solid,2000 LSS,14,2.50,.052,.018,2000,,,,28.489509275061064,74.11906155460993,72.46873437711636
Jackal Shred,Predator V3,Coercion HV2 Solid,2000 LSS,15,2.47,.055,.019,2000,,,,22.498365329757565,81.1628370788608,75.89843045530966
Jackal Shred,Predator V3,Coercion HV2 Solid,2000 LSS,16,2.47,.053,.018,2000,,,,23.079209331654198,79.88023869099926,74.78181899546537
Jackal Chase,Predator™ V3,Coercion HVH,2000 Laser Scan Sanded,14,2.50,.052,.018,2000,,,,28.489509275061064,74.11906155460993,72.46873437711636
Jackal Chase,Predator™ V3,Coercion HVH,2000 Laser Scan Sanded,15,2.47,.055,.019,2000,,,,22.498365329757565,81.1628370788608,75.89843045530966
Jackal Chase,Predator™ V3,Coercion HVH,2000 Laser Scan Sanded,16,2.47,.053,.018,2000,,,,23.079209331654198,79.88023869099926,74.78181899546537
Jackal Boss,Predator™ V2,Coercion HVH,3000 LSS,14,2.51,.049,.014,3000,,,,34.9911258871446,69.97598562038465,70.23813052495765
Jackal Boss,Predator™ V2,Coercion HVH,3000 LSS,15,2.47,.054,.015,3000,,,,27.050349796962813,79.67114767547872,75.1364338243687
Jackal Boss,Predator™ V2,Coercion HVH,3000 LSS,16,2.48,.047,.013,3000,,,,30.24938924387998,74.01596787768436,70.61934052930832
Jackal Fury,Predator™ V2,Coercion Pearl,3000 LSS,14,2.51,.049,.014,3000,,,,34.9911258871446,69.97598562038465,70.23813052495765
Jackal Fury,Predator™ V2,Coercion Pearl,3000 LSS,15,2.47,.054,.015,3000,,,,27.050349796962813,79.67114767547872,75.1364338243687
Jackal Fury,Predator™ V2,Coercion Pearl,3000 LSS,16,2.48,.047,.013,3000,,,,30.24938924387998,74.01596787768436,70.61934052930832
Jackal Scar,Predator V2,Coercion HVH,3000 LSS,14,2.51,.049,.014,3000,,,,34.9911258871446,69.97598562038465,70.23813052495765
Jackal Scar,Predator V2,Coercion HVH,3000 LSS,15,2.47,.054,.015,3000,,,,27.050349796962813,79.67114767547872,75.1364338243687
Jackal Scar,Predator V2,Coercion HVH,3000 LSS,16,2.48,.047,.013,3000,,,,30.24938924387998,74.01596787768436,70.61934052930832
Gold Revolt,Vanquish™,Coercion HFP,3000 LSS,12,2.63,.030,,3000,,,,63.62379081013213,34.67665403073046,49.24519332925842
Gold Revolt,Vanquish™,Coercion HFP,3000 LSS,13,2.56,.044,,3000,,,,49.97636579598388,53.2363597466331,60.15535886231599
Gold Revolt,Vanquish™,Coercion HFP,3000 LSS,14,2.50,.056,,3000,,,,38.27857292671392,69.14467893169251,69.7355970095933
Gold Revolt,Vanquish™,Coercion HFP,3000 LSS,15,2.47,.056,,3000,,,,32.95599228155267,74.46725957685378,71.40897316417617
Gold Revolt,Vanquish™,Coercion HFP,3000 LSS,16,2.46,.057,,3000,,,,31.094079434919912,76.68004961646898,72.64319323154483
Trident Shield,Turbulent,Coercion HVH,3000 LSS,14,2.51,.054,.017,3000,13,16,59,33.33631317970031,73.38518429274123,72.89885139315581
Trident Shield,Turbulent,Coercion HVH,3000 LSS,15,2.49,.054,.017,3000,13,16,59,29.787926082926198,76.93357138951532,73.59293762715767
Trident Shield,Turbulent,Coercion HVH,3000 LSS,16,2.49,.051,.016,3000,13,16,59,30.456489383068444,75.21237651042571,70.5575779089425
Sapphire Jackal,Predator™ Asymmetric,Turmoil MFS Solid,3000 LSS,14,2.48,.060,.015,3000,,,,28.298227555876185,80.52853307446009,76.79136556934898
Sapphire Jackal,Predator™ Asymmetric,Turmoil MFS Solid,3000 LSS,15,2.46,.060,.015,3000,,,,24.749840459101993,84.07692017123428,78.40340167024294
Sapphire Jackal,Predator™ Asymmetric,Turmoil MFS Solid,3000 LSS,16,2.46,.060,.015,3000,,,,24.749840459101993,84.07692017123428,78.40340167024294
